[Licensing::Module] Trying to connect to existing licensing client channel...
Built from '6000.5/staging' branch; Version is '6000.5.2f1 (eb73d3b415a1) revision 15430611'; Using compiler version '194234433'; Build Type 'Release'
OS: 'Windows 11  (10.0.26200) Professional' Language: 'en' Physical Memory: 64978 MB
BatchMode: 1, IsHumanControllingUs: 0, StartBugReporterOnCrash: 0, Is64bit: 1
[Licensing::IpcConnector] Successfully connected to: "LicenseClient-dda" at "2026-10-05T20:39:51.8361068Z"
System  architecture: x64
Process architecture: x64
Date: 2026-10-05T20:39:51Z

COMMAND LINE ARGUMENTS:
C:\Program Files\Unity\Hub\Editor\6000.5.2f1\Editor\Unity.exe
-adb2
-batchMode
-noUpm
-name
AssetImportWorkerHW0
-projectPath
C:/Users/dda/Desktop/Modeling3Exterior
-logFile
Logs/AssetImportWorkerHW0.log
-srvPort
52243
-parentPid
139704
-analyticsCloudUserId
anonymous
-analyticsLocalProjectId
bb3a39092e5ac3e4b9fcf6bc42ba160f
-licensingIpc
LicenseClient-dda
-noDiagnosticSwitchPersistentStore
-job-worker-count
11
-background-job-worker-count
8
-asset-garbage-collectors
1
-force-d3d12
-name
AssetImport
Successfully changed project path to: C:/Users/dda/Desktop/Modeling3Exterior
C:/Users/dda/Desktop/Modeling3Exterior
[UnityMemory] Configuration Parameters - Can be set up in boot.config
    "memorysetup-temp-allocator-size-gi-baking-worker=262144"
    "memorysetup-temp-allocator-size-gi-baking-worker=262144"
    "memorysetup-temp-allocator-size-gi-baking-worker=262144"
    "memorysetup-temp-allocator-size-gi-baking-worker=262144"
    "memorysetup-temp-allocator-size-gi-baking-worker=262144"
    "memorysetup-temp-allocator-size-nav-mesh-worker=65536"
    "memorysetup-temp-allocator-size-audio-worker=65536"
    "memorysetup-temp-allocator-size-cloud-worker=32768"
    "memorysetup-temp-allocator-size-gfx=262144"
    "memorysetup-temp-allocator-size-preload-manager=33554432"
    "memorysetup-allocator-temp-initial-block-size-main=262144"
    "memorysetup-allocator-temp-initial-block-size-worker=262144"
    "memorysetup-temp-allocator-size-job-worker=262144"
    "memorysetup-temp-allocator-size-background-worker=32768"
    "memorysetup-bucket-allocator-granularity=16"
    "memorysetup-bucket-allocator-bucket-count=8"
    "memorysetup-bucket-allocator-block-size=33554432"
    "memorysetup-bucket-allocator-block-count=8"
    "memorysetup-main-allocator-block-size=16777216"
    "memorysetup-thread-allocator-block-size=16777216"
    "memorysetup-main-allocator-mimalloc-enabled=0"
    "memorysetup-gfx-main-allocator-block-size=16777216"
    "memorysetup-gfx-thread-allocator-block-size=16777216"
    "memorysetup-cache-allocator-block-size=4194304"
    "memorysetup-typetree-allocator-block-size=2097152"
    "memorysetup-profiler-bucket-allocator-granularity=16"
    "memorysetup-profiler-bucket-allocator-bucket-count=8"
    "memorysetup-profiler-bucket-allocator-block-size=33554432"
    "memorysetup-profiler-bucket-allocator-block-count=8"
    "memorysetup-profiler-allocator-block-size=16777216"
    "memorysetup-profiler-editor-allocator-block-size=1048576"
    "memorysetup-temp-allocator-size-main=16777216"
    "memorysetup-job-temp-allocator-block-size=2097152"
    "memorysetup-job-temp-allocator-block-size-background=1048576"
    "memorysetup-job-temp-allocator-reduction-small-platforms=262144"
Player connection [159800]  Target information:

Player connection [159800]  * "[IP] 172.19.21.73 [Port] 0 [Flags] 2 [Guid] 3024767517 [EditorId] 3024767517 [Version] 1048832 [Id] WindowsEditor(7,DDA-3W6-09) [Debug] 1 [PackageName] WindowsEditor [ProjectName] Editor" 

Player connection [159800] Host joined multi-casting on [225.0.0.222:54997]...
Player connection [159800] Host joined alternative multi-casting on [225.0.0.222:34997]...
JobSystem: Creating JobQueue using job-worker-count value 11
Input System module state changed to: Initialized.
[Physics::Module] Initialized fallback backend.
[Physics::Module] Id: 0xdecafbad
Library Redirect Path: Library/
[Physics::Module] Selected backend.
[Physics::Module] Name: PhysX
[Physics::Module] Id: 0xf2b8ea05
[Physics::Module] SDK Version: 4.1.2
[Physics::Module] Integration Version: 1.0.0
[Physics::Module] Threading Mode: Multi-Threaded
Initialize engine version: 6000.5.2f1 (eb73d3b415a1)
[Subsystems] Discovering subsystems at path C:/Program Files/Unity/Hub/Editor/6000.5.2f1/Editor/Data/Resources/UnitySubsystems
[Subsystems] Discovering subsystems at path C:/Users/dda/Desktop/Modeling3Exterior/Assets
Forcing GfxDevice: Direct3D 12
GfxDevice: creating device client; kGfxThreadingModeNonThreaded
[Licensing::Client] Error: HandshakeResponse reported an error:
	ResponseCode: 505
	ResponseStatus: Unsupported protocol version '1.18.1'.
[Licensing::Module] Error: Failed to handshake to channel: "LicenseClient-dda"
[Licensing::IpcConnector] LicenseClient-dda channel disconnected successfully.
[Licensing::IpcConnector] Successfully connected to: "LicenseClient-dda-6000.5.2" at "2026-10-05T20:39:52.8810482Z"
[Licensing::Client] Code 10 while verifying Licensing Client signature (process Id: 117720, path: "C:/Program Files/Unity/Hub/Editor/6000.5.2f1/Editor/Data/Resources/Licensing/Client/Unity.Licensing.Client.exe")
[Licensing::Module] LicensingClient has failed validation; ignoring
[Licensing::Client] Handshaking with LicensingClient:
  Version:                 1.18.1+9fbee8e
  Session Id:              4019ad2e9b034ff08e17585fca38d15c
  Correlation Id:          f48a4ddc51a8f505b51d9b6f75b377a7
  External correlation Id: 7723087416934499669
  Machine Id:              atcOzul6NICL1l1BYRmyR+SPFbc=
[Licensing::Module] Successfully connected to LicensingClient on channel: "LicenseClient-dda-6000.5.2" (connect: 0.00s, validation: 0.00s, handshake: 0.01s)
[Licensing::IpcConnector] Successfully connected to: "LicenseClient-dda-6000.5.2-notifications" at "2026-10-05T20:39:52.8949508Z"
[Licensing::Module] Licensing Background thread has ended after 1.06s
d3d12: failed to query info queue interface (0x80004002).
Direct3D:
    Version:         Direct3D 12 [level 12.2]
    Renderer:        NVIDIA RTX 4500 Ada Generation (ID=0x27b1)
    Vendor:          NVIDIA
    VRAM:            24193 MB
    App VRAM Budget: 23425 MB
    Driver:          32.0.15.9716
Initialize mono
Mono path[0] = 'C:/Program Files/Unity/Hub/Editor/6000.5.2f1/Editor/Data/Managed'
Mono path[1] = 'C:/Program Files/Unity/Hub/Editor/6000.5.2f1/Editor/Data/BCLExtensions/runtime/netstandard2.1'
Mono path[2] = 'C:/Program Files/Unity/Hub/Editor/6000.5.2f1/Editor/Data/MonoBleedingEdge/lib/mono/unityjit-win32'
Mono config path = 'C:/Program Files/Unity/Hub/Editor/6000.5.2f1/Editor/Data/MonoBleedingEdge/etc'
Using monoOptions --debugger-agent=transport=dt_socket,embedding=1,server=y,suspend=n,address=127.0.0.1:56996
CodeReloadManager initialized
Begin MonoManager ReloadAssembly
Registering precompiled unity dll's ...
Register platform support module: C:/Program Files/Unity/Hub/Editor/6000.5.2f1/Editor/Data/PlaybackEngines/WebGLSupport/UnityEditor.WebGL.Extensions.dll
Register platform support module: C:/Program Files/Unity/Hub/Editor/6000.5.2f1/Editor/Data/PlaybackEngines/MacStandaloneSupport/UnityEditor.OSXStandalone.Extensions.dll
[Licensing::Client] Successfully resolved entitlement details
[Licensing::Module] License group:
  Id: 2475878308390-UnityPersXXXX
  Product: Unity Personal
  Type: Assigned
  Expiration: Unlimited
Register platform support module: C:/Program Files/Unity/Hub/Editor/6000.5.2f1/Editor/Data/PlaybackEngines/VisionOSPlayer/UnityEditor.VisionOS.Extensions.dll
Register platform support module: C:/Program Files/Unity/Hub/Editor/6000.5.2f1/Editor/Data/PlaybackEngines/WindowsStandaloneSupport/UnityEditor.WindowsStandalone.Extensions.dll
[Licensing::Client] Successfully resolved entitlement details
Register platform support module: C:/Program Files/Unity/Hub/Editor/6000.5.2f1/Editor/Data/PlaybackEngines/MetroSupport/UnityEditor.UWP.Extensions.dll
[Licensing::Client] Successfully resolved entitlement details
Register platform support module: C:/Program Files/Unity/Hub/Editor/6000.5.2f1/Editor/Data/PlaybackEngines/AndroidPlayer/UnityEditor.Android.Extensions.dll
Register platform support module: C:/Program Files/Unity/Hub/Editor/6000.5.2f1/Editor/Data/PlaybackEngines/iOSSupport/UnityEditor.iOS.Extensions.dll
Register platform support module: C:/Program Files/Unity/Hub/Editor/6000.5.2f1/Editor/Data/PlaybackEngines/AppleTVSupport/UnityEditor.AppleTV.Extensions.dll
Register platform support module: C:/Program Files/Unity/Hub/Editor/6000.5.2f1/Editor/Data/PlaybackEngines/LinuxStandaloneSupport/UnityEditor.LinuxStandalone.Extensions.dll
Registered in 0.019509 seconds.
Native extension for LinuxStandalone target not found
[usbmuxd] Start listen thread
[usbmuxd] Listen thread started
Native extension for AppleTV target not found
[usbmuxd] Start listen thread
[usbmuxd] Listen thread started
Native extension for iOS target not found
Native extension for Android target not found
Native extension for UWP target not found
Native extension for WindowsStandalone target not found
Failed to load: C:/Program Files/Unity/Hub/Editor/6000.5.2f1/Editor/Data/PlaybackEngines/VisionOSPlayer\x64\UnityEditor.VisionOS.Native.dll
Native extension for VisionOS target not found
Native extension for OSXStandalone target not found
Native extension for WebGL target not found
Package Manager log level set to [2]
[Package Manager] Failed to launch server process. Reason: Unity was launched with the -noUpm command-line argument
[Package Manager] Unable to send message (not connected to server process).
[Package Manager] Cannot connect to Unity Package Manager local server
[Package Manager] Failed to launch server process. Reason: Unity was launched with the -noUpm command-line argument
[Package Manager] Unable to send message (not connected to server process).
[Package Manager] Cannot connect to Unity Package Manager local server
ScheduleIndexationOnStartup MainProcess:False IndexOnStartup:False
Mono: successfully reloaded assembly
- Finished resetting the current domain, in  0.297 seconds
Domain Reload Profiling: 890ms
	BeginReloadAssembly (168ms)
	RebuildCommonClasses (4ms)
	RebuildNativeTypeToScriptingClass (12ms)
	initialDomainReloadingComplete (140ms)
	LoadAllAssembliesAndSetupDomain (268ms)
		LoadAssemblies (172ms)
		AnalyzeDomain (195ms)
			TypeCache.Refresh (193ms)
				TypeCache.ScanAssembly (178ms)
	FinalizeReload (298ms)
		SetupLoadedEditorAssemblies (0ms)
			InitializePlatformSupportModulesInManaged (52ms)
			BeforeProcessingInitializeOnLoad (70ms)
			ProcessInitializeOnLoadAttributes (74ms)
			ProcessInitializeOnLoadMethodAttributes (55ms)
Initializing Unity extensions:
[Licensing::Client] Successfully resolved entitlement details
========================================================================
Worker process is ready to serve import requests
Import Worker Mode flag is 0x00
Begin MonoManager ReloadAssembly
Native extension for LinuxStandalone target not found
Native extension for AppleTV target not found
Native extension for iOS target not found
Native extension for Android target not found
Native extension for UWP target not found
Native extension for WindowsStandalone target not found
Failed to load: C:/Program Files/Unity/Hub/Editor/6000.5.2f1/Editor/Data/PlaybackEngines/VisionOSPlayer\x64\UnityEditor.VisionOS.Native.dll
Native extension for VisionOS target not found
Native extension for OSXStandalone target not found
Native extension for WebGL target not found
[Package Manager] Failed to launch server process. Reason: Unity was launched with the -noUpm command-line argument
[Package Manager] Unable to send message (not connected to server process).
[Package Manager] Cannot connect to Unity Package Manager local server
ScheduleIndexationOnStartup MainProcess:False IndexOnStartup:True
Mono: successfully reloaded assembly
- Finished resetting the current domain, in  0.374 seconds
Domain Reload Profiling: 908ms
	BeginReloadAssembly (214ms)
		DisableScriptedObjects (3ms)
		CreateAndSetChildDomain (26ms)
	RebuildCommonClasses (6ms)
	RebuildNativeTypeToScriptingClass (15ms)
	initialDomainReloadingComplete (147ms)
	LoadAllAssembliesAndSetupDomain (152ms)
		LoadAssemblies (189ms)
		AnalyzeDomain (37ms)
			TypeCache.Refresh (33ms)
				TypeCache.ScanAssembly (21ms)
	FinalizeReload (375ms)
		SetupLoadedEditorAssemblies (0ms)
			InitializePlatformSupportModulesInManaged (59ms)
			BeforeProcessingInitializeOnLoad (70ms)
			ProcessInitializeOnLoadAttributes (89ms)
			ProcessInitializeOnLoadMethodAttributes (50ms)
			AfterProcessingInitializeOnLoad (4ms)
AcceleratorClientConnectionCallback - disconnected - :0
Launched and connected shader compiler UnityShaderCompiler.exe after 0.06 seconds
Unloading 1 Unused Serialized files (Serialized files now loaded: 0)
Curl error 3: URL rejected: Malformed input to a URL function
Unloading 64 unused Assets / (32.2 KB). Loaded Objects now: 688.
Memory consumption went from 158.1 MB to 158.1 MB.
Total: 3.004900 ms (FindLiveObjects: 0.041100 ms CreateObjectMapping: 0.016200 ms MarkObjects: 2.859200 ms  DeleteObjects: 0.086000 ms)

========================================================================
Received Import Request.
  Time of request: 2026-10-05T20:39:55.5662628Z
  Time since last request: 861756.44485239998903 seconds.
  importAddress: GUID: 23032f4383e95e772bce465c5896d0fd - Path: Packages/com.unity.modules.terrain/package.ModuleCompilationTrigger - Importer: ScriptedImporter/UnityEditor.QuickSearchModule:UnityEditor.Search:ASIAI0B
Importing 'GUID: 23032f4383e95e772bce465c5896d0fd - Path: Packages/com.unity.modules.terrain/package.ModuleCompilationTrigger - Importer: ScriptedImporter/UnityEditor.QuickSearchModule:UnityEditor.Search:ASIAI0B' with importer (ScriptedImporter : UnityEditor.QuickSearchModule:UnityEditor.Search:ASIAI0B)
Imported 'GUID: 23032f4383e95e772bce465c5896d0fd' -> (Import Result ID: '1f44b258249539690995d808ff4bbc33') in 0.073 seconds [static and dynamic dependencies]. Details - ImportResultOutputID=5e13bd83bbf08efd8abdb37ebf5e0041 DependenciesID=cce4e4238e982cc92e3d77649490bb6e StaticDependenciesID=fc371b15f371670ef053e0db2f8e8852 
Number of updated asset objects reloaded before import = 0
Number of asset objects unloaded after import = 1
========================================================================
Received Import Request.
  Time of request: 2026-10-05T20:39:55.6412316Z
  Time since last request: 0.0011015 seconds.
  importAddress: GUID: 8a752aaaadd2410dd9a84e01c1bace9f - Path: Packages/com.unity.modules.uielements/package.ModuleCompilationTrigger - Importer: ScriptedImporter/UnityEditor.QuickSearchModule:UnityEditor.Search:ASIAI0B
Importing 'GUID: 8a752aaaadd2410dd9a84e01c1bace9f - Path: Packages/com.unity.modules.uielements/package.ModuleCompilationTrigger - Importer: ScriptedImporter/UnityEditor.QuickSearchModule:UnityEditor.Search:ASIAI0B' with importer (ScriptedImporter : UnityEditor.QuickSearchModule:UnityEditor.Search:ASIAI0B)
Imported 'GUID: 8a752aaaadd2410dd9a84e01c1bace9f' -> (Import Result ID: '59685642bfab2e2e21196aee0cc60328') in 0.005 seconds [static and dynamic dependencies]. Details - ImportResultOutputID=62d4951c1720d4f699057b56bddc34f8 DependenciesID=8b9db9843dc267b56eafb8a89dee0c99 StaticDependenciesID=2dc8ca83857e0ac330035800252f43a3 
Number of updated asset objects reloaded before import = 0
Number of asset objects unloaded after import = 1
========================================================================
Received Import Request.
  Time of request: 2026-10-05T20:39:55.6470124Z
  Time since last request: 0.0003614 seconds.
  importAddress: GUID: 54407f5deee4439eb1885bee01956e9c - Path: Packages/com.unity.multiplayer.center/Editor/Analytics/AnalyticsUtils.cs - Importer: ScriptedImporter/UnityEditor.QuickSearchModule:UnityEditor.Search:ASIAI0B
Importing 'GUID: 54407f5deee4439eb1885bee01956e9c - Path: Packages/com.unity.multiplayer.center/Editor/Analytics/AnalyticsUtils.cs - Importer: ScriptedImporter/UnityEditor.QuickSearchModule:UnityEditor.Search:ASIAI0B' with importer (ScriptedImporter : UnityEditor.QuickSearchModule:UnityEditor.Search:ASIAI0B)
Imported 'GUID: 54407f5deee4439eb1885bee01956e9c' -> (Import Result ID: '489ea289b937c00d5b08a03c3d8f6ca7') in 0.012 seconds [static and dynamic dependencies]. Details - ImportResultOutputID=ddb48f1194eb5c5c99fec9063c776642 DependenciesID=2034de5ea28560773d78bc40339ca7f5 StaticDependenciesID=4db96eb0bbea2e877f77cce6af33b096 
Number of updated asset objects reloaded before import = 0
Number of asset objects unloaded after import = 0
========================================================================
Received Import Request.
  Time of request: 2026-10-05T20:39:55.6597632Z
  Time since last request: 0.0002634 seconds.
  importAddress: GUID: 1bd8e2f47a6c4478ab8f0ade7687e79b - Path: Packages/com.unity.multiplayer.center/Common/IOnboardingSection.cs - Importer: ScriptedImporter/UnityEditor.QuickSearchModule:UnityEditor.Search:ASIAI0B
Importing 'GUID: 1bd8e2f47a6c4478ab8f0ade7687e79b - Path: Packages/com.unity.multiplayer.center/Common/IOnboardingSection.cs - Importer: ScriptedImporter/UnityEditor.QuickSearchModule:UnityEditor.Search:ASIAI0B' with importer (ScriptedImporter : UnityEditor.QuickSearchModule:UnityEditor.Search:ASIAI0B)
Imported 'GUID: 1bd8e2f47a6c4478ab8f0ade7687e79b' -> (Import Result ID: 'a0ef65e10f5f19a931061781580b8e42') in 0.004 seconds [static and dynamic dependencies]. Details - ImportResultOutputID=5c98de050a574203dd3bffd9aa8a7d47 DependenciesID=e3ad084a4d3ee11fb6d01e9a33ccd543 StaticDependenciesID=2057d0edb8f6a4bb0a667259fce850f9 
Number of updated asset objects reloaded before import = 0
Number of asset objects unloaded after import = 0
========================================================================
Received Import Request.
  Time of request: 2026-10-05T20:39:55.6639503Z
  Time since last request: 0.0002675 seconds.
  importAddress: GUID: be13c398521e3c1ad21fb9da30ab2ab6 - Path: Packages/com.unity.modules.imgui/package.ModuleCompilationTrigger - Importer: ScriptedImporter/UnityEditor.QuickSearchModule:UnityEditor.Search:ASIAI0B
Importing 'GUID: be13c398521e3c1ad21fb9da30ab2ab6 - Path: Packages/com.unity.modules.imgui/package.ModuleCompilationTrigger - Importer: ScriptedImporter/UnityEditor.QuickSearchModule:UnityEditor.Search:ASIAI0B' with importer (ScriptedImporter : UnityEditor.QuickSearchModule:UnityEditor.Search:ASIAI0B)
Imported 'GUID: be13c398521e3c1ad21fb9da30ab2ab6' -> (Import Result ID: '5d686c604f2d29573112600a913d5805') in 0.005 seconds [static and dynamic dependencies]. Details - ImportResultOutputID=b2b594156b5970fe11f9c43977b17828 DependenciesID=0e2fd24ea46c3958fd7b00932aca408c StaticDependenciesID=23d83c430a55fb13dee161f0931fb777 
Number of updated asset objects reloaded before import = 0
Number of asset objects unloaded after import = 1
========================================================================
Received Import Request.
  Time of request: 2026-10-05T20:39:55.6691911Z
  Time since last request: 0.0002951 seconds.
  importAddress: GUID: 6d56244f8c39a851975d3c0bd432c66f - Path: Packages/com.unity.modules.terrain/package.json - Importer: ScriptedImporter/UnityEditor.QuickSearchModule:UnityEditor.Search:ASIAI0B
Importing 'GUID: 6d56244f8c39a851975d3c0bd432c66f - Path: Packages/com.unity.modules.terrain/package.json - Importer: ScriptedImporter/UnityEditor.QuickSearchModule:UnityEditor.Search:ASIAI0B' with importer (ScriptedImporter : UnityEditor.QuickSearchModule:UnityEditor.Search:ASIAI0B)
Imported 'GUID: 6d56244f8c39a851975d3c0bd432c66f' -> (Import Result ID: '07930564772c1445eacb94c50ec029af') in 0.006 seconds [static and dynamic dependencies]. Details - ImportResultOutputID=a300409b3f82308596f4dd5c1bbf8440 DependenciesID=1bdc5baea05709721538dd94d8993b0a StaticDependenciesID=bca7d3dfd92149a121de9e8de77ed905 
Number of updated asset objects reloaded before import = 0
Number of asset objects unloaded after import = 1
========================================================================
Received Import Request.
  Time of request: 2026-10-05T20:39:55.6761141Z
  Time since last request: 0.000314 seconds.
  importAddress: GUID: 4f0f9b9f3ed97ad2b9ba8f1a8e4666c2 - Path: Packages/com.unity.modules.uielements/package.json - Importer: ScriptedImporter/UnityEditor.QuickSearchModule:UnityEditor.Search:ASIAI0B
Importing 'GUID: 4f0f9b9f3ed97ad2b9ba8f1a8e4666c2 - Path: Packages/com.unity.modules.uielements/package.json - Importer: ScriptedImporter/UnityEditor.QuickSearchModule:UnityEditor.Search:ASIAI0B' with importer (ScriptedImporter : UnityEditor.QuickSearchModule:UnityEditor.Search:ASIAI0B)
Imported 'GUID: 4f0f9b9f3ed97ad2b9ba8f1a8e4666c2' -> (Import Result ID: '0848d3c1461d4be0d93b46bf58d9e665') in 0.006 seconds [static and dynamic dependencies]. Details - ImportResultOutputID=a64712fa3dde560436402f1b08dc7a29 DependenciesID=d78a18a43dc534a7ef3cabad507699cd StaticDependenciesID=5a14753da026e4f9d007557ceeee616c 
Number of updated asset objects reloaded before import = 0
Number of asset objects unloaded after import = 1
========================================================================
Received Import Request.
  Time of request: 2026-10-05T20:39:55.6825452Z
  Time since last request: 0.0003187 seconds.
  importAddress: GUID: 833328f3bcf144cc94f92e286e86b427 - Path: Packages/com.unity.multiplayer.center/Common/IOnboardingSectionAnalyticsProvider.cs - Importer: ScriptedImporter/UnityEditor.QuickSearchModule:UnityEditor.Search:ASIAI0B
Importing 'GUID: 833328f3bcf144cc94f92e286e86b427 - Path: Packages/com.unity.multiplayer.center/Common/IOnboardingSectionAnalyticsProvider.cs - Importer: ScriptedImporter/UnityEditor.QuickSearchModule:UnityEditor.Search:ASIAI0B' with importer (ScriptedImporter : UnityEditor.QuickSearchModule:UnityEditor.Search:ASIAI0B)
Imported 'GUID: 833328f3bcf144cc94f92e286e86b427' -> (Import Result ID: '76025992027f6e4e846a56954f3df826') in 0.004 seconds [static and dynamic dependencies]. Details - ImportResultOutputID=6769d6aafe31f08d7c2c34f46d601aa9 DependenciesID=a25a6733b90dae2270921da6aa92952b StaticDependenciesID=39d3424feb41ebb15db51983ca0c877f 
Number of updated asset objects reloaded before import = 0
Number of asset objects unloaded after import = 0
========================================================================
Received Import Request.
  Time of request: 2026-10-05T20:39:55.6872594Z
  Time since last request: 0.000281 seconds.
  importAddress: GUID: 222fc39b0c85d800342910da2cd64781 - Path: Packages/com.unity.modules.assetbundle/package.ModuleCompilationTrigger - Importer: ScriptedImporter/UnityEditor.QuickSearchModule:UnityEditor.Search:ASIAI0B
Importing 'GUID: 222fc39b0c85d800342910da2cd64781 - Path: Packages/com.unity.modules.assetbundle/package.ModuleCompilationTrigger - Importer: ScriptedImporter/UnityEditor.QuickSearchModule:UnityEditor.Search:ASIAI0B' with importer (ScriptedImporter : UnityEditor.QuickSearchModule:UnityEditor.Search:ASIAI0B)
Imported 'GUID: 222fc39b0c85d800342910da2cd64781' -> (Import Result ID: '9e49a54fcabc7a65e529f7e68348fdb3') in 0.005 seconds [static and dynamic dependencies]. Details - ImportResultOutputID=20217e91b7c2cfdcafa848e08bf49156 DependenciesID=32794ac93d053b6b5654e034df540d15 StaticDependenciesID=1960515560e8a09e8606c298affb3894 
Number of updated asset objects reloaded before import = 0
Number of asset objects unloaded after import = 1
========================================================================
Received Import Request.
  Time of request: 2026-10-05T20:39:55.6928577Z
  Time since last request: 0.0002731 seconds.
  importAddress: GUID: e1ef8466c8fd01a549f10baa4d51fa17 - Path: Packages/com.unity.modules.assetbundle/package.json - Importer: ScriptedImporter/UnityEditor.QuickSearchModule:UnityEditor.Search:ASIAI0B
Importing 'GUID: e1ef8466c8fd01a549f10baa4d51fa17 - Path: Packages/com.unity.modules.assetbundle/package.json - Importer: ScriptedImporter/UnityEditor.QuickSearchModule:UnityEditor.Search:ASIAI0B' with importer (ScriptedImporter : UnityEditor.QuickSearchModule:UnityEditor.Search:ASIAI0B)
Imported 'GUID: e1ef8466c8fd01a549f10baa4d51fa17' -> (Import Result ID: 'fb7b66723a0d0ba9af4fb82dad1ac434') in 0.007 seconds [static and dynamic dependencies]. Details - ImportResultOutputID=e33b897aa97aa6c0c14a53d6d761bd41 DependenciesID=f369479c2075bfdb95017f5a6e8f2b76 StaticDependenciesID=001c3d7ea4cd0ba3ff28e13f7fb15466 
Number of updated asset objects reloaded before import = 0
Number of asset objects unloaded after import = 1
========================================================================
Received Import Request.
  Time of request: 2026-10-05T20:39:55.7005353Z
  Time since last request: 0.0002746 seconds.
  importAddress: GUID: e9df95f53f1c1d0c9199e235d6c42b50 - Path: Packages/com.unity.modules.audio/package.json - Importer: ScriptedImporter/UnityEditor.QuickSearchModule:UnityEditor.Search:ASIAI0B
Importing 'GUID: e9df95f53f1c1d0c9199e235d6c42b50 - Path: Packages/com.unity.modules.audio/package.json - Importer: ScriptedImporter/UnityEditor.QuickSearchModule:UnityEditor.Search:ASIAI0B' with importer (ScriptedImporter : UnityEditor.QuickSearchModule:UnityEditor.Search:ASIAI0B)
Imported 'GUID: e9df95f53f1c1d0c9199e235d6c42b50' -> (Import Result ID: '13c224977d265b9b9f763a83af824675') in 0.009 seconds [static and dynamic dependencies]. Details - ImportResultOutputID=d4dc8ff869d068ba8a2c90db0d9d4206 DependenciesID=37d1db1a16b8e38496cf3f9df3eb5727 StaticDependenciesID=52d3f3857dfa289cf31214dffb6a0d54 
Number of updated asset objects reloaded before import = 0
Number of asset objects unloaded after import = 1
========================================================================
Received Import Request.
  Time of request: 2026-10-05T20:39:55.710075Z
  Time since last request: 0.0002614 seconds.
  importAddress: GUID: 2c814623cb42764d304be0c5ddd03ceb - Path: Packages/com.unity.modules.xr/package.json - Importer: ScriptedImporter/UnityEditor.QuickSearchModule:UnityEditor.Search:ASIAI0B
Importing 'GUID: 2c814623cb42764d304be0c5ddd03ceb - Path: Packages/com.unity.modules.xr/package.json - Importer: ScriptedImporter/UnityEditor.QuickSearchModule:UnityEditor.Search:ASIAI0B' with importer (ScriptedImporter : UnityEditor.QuickSearchModule:UnityEditor.Search:ASIAI0B)
Imported 'GUID: 2c814623cb42764d304be0c5ddd03ceb' -> (Import Result ID: '0bf3c5bcd02a7cd1d4124f07bf60aa4b') in 0.006 seconds [static and dynamic dependencies]. Details - ImportResultOutputID=47174dd65e7697d704d048162847d263 DependenciesID=d2d5b3b92e8ccfa9fec52189fe26cf8b StaticDependenciesID=5eb0dc2a9d78d3aeca69b70ffe2988a0 
Number of updated asset objects reloaded before import = 0
Number of asset objects unloaded after import = 1
========================================================================
Received Import Request.
  Time of request: 2026-10-05T20:39:55.7167719Z
  Time since last request: 0.0003655 seconds.
  importAddress: GUID: c359bcaf4a0bc4040aac650bf14ec619 - Path: Packages/com.unity.multiplayer.center/README.md - Importer: ScriptedImporter/UnityEditor.QuickSearchModule:UnityEditor.Search:ASIAI0B
Importing 'GUID: c359bcaf4a0bc4040aac650bf14ec619 - Path: Packages/com.unity.multiplayer.center/README.md - Importer: ScriptedImporter/UnityEditor.QuickSearchModule:UnityEditor.Search:ASIAI0B' with importer (ScriptedImporter : UnityEditor.QuickSearchModule:UnityEditor.Search:ASIAI0B)
Imported 'GUID: c359bcaf4a0bc4040aac650bf14ec619' -> (Import Result ID: 'c86edd80e53d21ae39c44ceed2fb2856') in 0.005 seconds [static and dynamic dependencies]. Details - ImportResultOutputID=a81ad58e3ae7edfab7e08f598aab254f DependenciesID=f3b7bbc8b9e8c928deabb1593ce2cea4 StaticDependenciesID=6e14c4c77335b847d8abaed8e93f15bb 
Number of updated asset objects reloaded before import = 0
Number of asset objects unloaded after import = 1
========================================================================
Received Import Request.
  Time of request: 2026-10-05T20:39:55.7222982Z
  Time since last request: 0.000274 seconds.
  importAddress: GUID: 89b6d933e4994d0980f6b48dc2b8779c - Path: Packages/com.unity.multiplayer.center/Common/AnswerData.cs - Importer: ScriptedImporter/UnityEditor.QuickSearchModule:UnityEditor.Search:ASIAI0B
Importing 'GUID: 89b6d933e4994d0980f6b48dc2b8779c - Path: Packages/com.unity.multiplayer.center/Common/AnswerData.cs - Importer: ScriptedImporter/UnityEditor.QuickSearchModule:UnityEditor.Search:ASIAI0B' with importer (ScriptedImporter : UnityEditor.QuickSearchModule:UnityEditor.Search:ASIAI0B)
Imported 'GUID: 89b6d933e4994d0980f6b48dc2b8779c' -> (Import Result ID: '6c24a40657d7be11be77108d4624a3d3') in 0.003 seconds [static and dynamic dependencies]. Details - ImportResultOutputID=6b78801e60e9e399cca6a4f0a863ce33 DependenciesID=93ee737e7e9ebcf3f6322f10d8dacc80 StaticDependenciesID=9a09c9e775aef6df108beb883b249c97 
Number of updated asset objects reloaded before import = 0
Number of asset objects unloaded after import = 0
========================================================================
Received Import Request.
  Time of request: 2026-10-05T20:39:55.7261799Z
  Time since last request: 0.0002881 seconds.
  importAddress: GUID: 553737203d61a8109f9544a97201e1aa - Path: Packages/com.unity.modules.unitywebrequestaudio/package.ModuleCompilationTrigger - Importer: ScriptedImporter/UnityEditor.QuickSearchModule:UnityEditor.Search:ASIAI0B
Importing 'GUID: 553737203d61a8109f9544a97201e1aa - Path: Packages/com.unity.modules.unitywebrequestaudio/package.ModuleCompilationTrigger - Importer: ScriptedImporter/UnityEditor.QuickSearchModule:UnityEditor.Search:ASIAI0B' with importer (ScriptedImporter : UnityEditor.QuickSearchModule:UnityEditor.Search:ASIAI0B)
Imported 'GUID: 553737203d61a8109f9544a97201e1aa' -> (Import Result ID: '038e1cab1c60198672cce4bc0ecffabc') in 0.003 seconds [static and dynamic dependencies]. Details - ImportResultOutputID=c1b7aadd15fd92a17bb4caf3d6d21ed1 DependenciesID=f41a5ba9f88217026727c555d6a632d6 StaticDependenciesID=47b4e217424907707b7c7b1e4731365d 
Number of updated asset objects reloaded before import = 0
Number of asset objects unloaded after import = 1
========================================================================
Received Import Request.
  Time of request: 2026-10-05T20:39:55.7293665Z
  Time since last request: 0.0002431 seconds.
  importAddress: GUID: 0a9ab22e4e004c7db707338bccb538b9 - Path: Packages/com.unity.multiplayer.center/Common/Preset.cs - Importer: ScriptedImporter/UnityEditor.QuickSearchModule:UnityEditor.Search:ASIAI0B
Importing 'GUID: 0a9ab22e4e004c7db707338bccb538b9 - Path: Packages/com.unity.multiplayer.center/Common/Preset.cs - Importer: ScriptedImporter/UnityEditor.QuickSearchModule:UnityEditor.Search:ASIAI0B' with importer (ScriptedImporter : UnityEditor.QuickSearchModule:UnityEditor.Search:ASIAI0B)
Imported 'GUID: 0a9ab22e4e004c7db707338bccb538b9' -> (Import Result ID: 'df6f953706c8496669950161f56a4660') in 0.002 seconds [static and dynamic dependencies]. Details - ImportResultOutputID=8512f92bf1d9432dbdec1be84bb04037 DependenciesID=d2b752eac65bd17dacded0abbc87bd94 StaticDependenciesID=1d23fd2c2c3a4a0845f8e2c1f52f1f7c 
Number of updated asset objects reloaded before import = 0
Number of asset objects unloaded after import = 0
========================================================================
Received Import Request.
  Time of request: 2026-10-05T20:39:55.73197Z
  Time since last request: 0.0002659 seconds.
  importAddress: GUID: 50d5ff9fe4ab4477b7ea648da183e9d1 - Path: Packages/com.unity.multiplayer.center/Common/StyleConstants.cs - Importer: ScriptedImporter/UnityEditor.QuickSearchModule:UnityEditor.Search:ASIAI0B
Importing 'GUID: 50d5ff9fe4ab4477b7ea648da183e9d1 - Path: Packages/com.unity.multiplayer.center/Common/StyleConstants.cs - Importer: ScriptedImporter/UnityEditor.QuickSearchModule:UnityEditor.Search:ASIAI0B' with importer (ScriptedImporter : UnityEditor.QuickSearchModule:UnityEditor.Search:ASIAI0B)
Imported 'GUID: 50d5ff9fe4ab4477b7ea648da183e9d1' -> (Import Result ID: '4d1bdabab3d6545a5517fcda27f29517') in 0.002 seconds [static and dynamic dependencies]. Details - ImportResultOutputID=188ed4bf126fb844550e1511b95f8c4f DependenciesID=4789aa3ae61b9ed8db970fea00b1a3fb StaticDependenciesID=a980a6f3abef16466f3ca6cb6efab113 
Number of updated asset objects reloaded before import = 0
Number of asset objects unloaded after import = 0
========================================================================
Received Import Request.
  Time of request: 2026-10-05T20:39:55.7347221Z
  Time since last request: 0.0002558 seconds.
  importAddress: GUID: c7a8b0317f4e68556d7509828e9e211e - Path: Packages/com.unity.modules.xr/package.ModuleCompilationTrigger - Importer: ScriptedImporter/UnityEditor.QuickSearchModule:UnityEditor.Search:ASIAI0B
Importing 'GUID: c7a8b0317f4e68556d7509828e9e211e - Path: Packages/com.unity.modules.xr/package.ModuleCompilationTrigger - Importer: ScriptedImporter/UnityEditor.QuickSearchModule:UnityEditor.Search:ASIAI0B' with importer (ScriptedImporter : UnityEditor.QuickSearchModule:UnityEditor.Search:ASIAI0B)
Imported 'GUID: c7a8b0317f4e68556d7509828e9e211e' -> (Import Result ID: '233d96e887585676e6ee237032f1a0ab') in 0.002 seconds [static and dynamic dependencies]. Details - ImportResultOutputID=80de3d97773dbd0a64a70b72539be16f DependenciesID=18ea8836b02213bf6e700c67c9227fde StaticDependenciesID=8ef61a630221eef84923300b3d6d6859 
Number of updated asset objects reloaded before import = 0
Number of asset objects unloaded after import = 1
========================================================================
Received Import Request.
  Time of request: 2026-10-05T20:39:55.7375266Z
  Time since last request: 0.0003304 seconds.
  importAddress: GUID: 185e678d90804a8a85ab38276eca86fb - Path: Packages/com.unity.multiplayer.center/Editor/Analytics/MultiplayerCenterAnalytics.cs - Importer: ScriptedImporter/UnityEditor.QuickSearchModule:UnityEditor.Search:ASIAI0B
Importing 'GUID: 185e678d90804a8a85ab38276eca86fb - Path: Packages/com.unity.multiplayer.center/Editor/Analytics/MultiplayerCenterAnalytics.cs - Importer: ScriptedImporter/UnityEditor.QuickSearchModule:UnityEditor.Search:ASIAI0B' with importer (ScriptedImporter : UnityEditor.QuickSearchModule:UnityEditor.Search:ASIAI0B)
Imported 'GUID: 185e678d90804a8a85ab38276eca86fb' -> (Import Result ID: '6e8b620bbbd83b3b487e77f42f1eea28') in 0.003 seconds [static and dynamic dependencies]. Details - ImportResultOutputID=4cb3344f410d3c789a61dafb129059e2 DependenciesID=c1d7d2b6aadec72e947351fd0b00217d StaticDependenciesID=872841e00a54bc0c2a8bae3ea2dd5959 
Number of updated asset objects reloaded before import = 0
Number of asset objects unloaded after import = 0
========================================================================
Received Import Request.
  Time of request: 2026-10-05T20:39:55.7412825Z
  Time since last request: 0.0002662 seconds.
  importAddress: GUID: 70554f6c9e4114e1084bb38f9ea400ce - Path: Packages/com.unity.multiplayer.center/LICENSE.md - Importer: ScriptedImporter/UnityEditor.QuickSearchModule:UnityEditor.Search:ASIAI0B
Importing 'GUID: 70554f6c9e4114e1084bb38f9ea400ce - Path: Packages/com.unity.multiplayer.center/LICENSE.md - Importer: ScriptedImporter/UnityEditor.QuickSearchModule:UnityEditor.Search:ASIAI0B' with importer (ScriptedImporter : UnityEditor.QuickSearchModule:UnityEditor.Search:ASIAI0B)
Imported 'GUID: 70554f6c9e4114e1084bb38f9ea400ce' -> (Import Result ID: '1c38cc9d504e73d32a1a02d705502017') in 0.004 seconds [static and dynamic dependencies]. Details - ImportResultOutputID=306ae6c70b265de09c57cf22005ea145 DependenciesID=49a03658757b9c73d07404d53b9779d7 StaticDependenciesID=bb8c844fdb7e2076a482a925f8d6e794 
Number of updated asset objects reloaded before import = 0
Number of asset objects unloaded after import = 1
========================================================================
Received Import Request.
  Time of request: 2026-10-05T20:39:55.7454572Z
  Time since last request: 0.000313 seconds.
  importAddress: GUID: 80beef77cb19e713c7c2d481b65ed485 - Path: Packages/com.unity.modules.screencapture/package.json - Importer: ScriptedImporter/UnityEditor.QuickSearchModule:UnityEditor.Search:ASIAI0B
Importing 'GUID: 80beef77cb19e713c7c2d481b65ed485 - Path: Packages/com.unity.modules.screencapture/package.json - Importer: ScriptedImporter/UnityEditor.QuickSearchModule:UnityEditor.Search:ASIAI0B' with importer (ScriptedImporter : UnityEditor.QuickSearchModule:UnityEditor.Search:ASIAI0B)
Imported 'GUID: 80beef77cb19e713c7c2d481b65ed485' -> (Import Result ID: '56e310d632b3d83646eea6c1e659cfce') in 0.005 seconds [static and dynamic dependencies]. Details - ImportResultOutputID=f362160cc01baf0b26bffcb6a92b7c5a DependenciesID=c7614126aeb7ae6e8730c51c352e0cc7 StaticDependenciesID=62e8d7bab67b96331d33ee1710038018 
Number of updated asset objects reloaded before import = 0
Number of asset objects unloaded after import = 1
========================================================================
Received Import Request.
  Time of request: 2026-10-05T20:39:55.7507207Z
  Time since last request: 0.0003089 seconds.
  importAddress: GUID: df0857f6a11054383be91b1f8e1b5800 - Path: Packages/com.unity.multiplayer.center/package.json - Importer: ScriptedImporter/UnityEditor.QuickSearchModule:UnityEditor.Search:ASIAI0B
Importing 'GUID: df0857f6a11054383be91b1f8e1b5800 - Path: Packages/com.unity.multiplayer.center/package.json - Importer: ScriptedImporter/UnityEditor.QuickSearchModule:UnityEditor.Search:ASIAI0B' with importer (ScriptedImporter : UnityEditor.QuickSearchModule:UnityEditor.Search:ASIAI0B)
Imported 'GUID: df0857f6a11054383be91b1f8e1b5800' -> (Import Result ID: '2e83652f3cab3902fe7d0a50e5b9d529') in 0.006 seconds [static and dynamic dependencies]. Details - ImportResultOutputID=a8c13ae706c571eaa328bdad5ec1d3cf DependenciesID=21f2a2f375a15ce1a59dd963c480df8f StaticDependenciesID=20fb40fcd632027c3956c9fde0b57545 
Number of updated asset objects reloaded before import = 0
Number of asset objects unloaded after import = 1
========================================================================
Received Import Request.
  Time of request: 2026-10-05T20:39:55.7574958Z
  Time since last request: 0.0004602 seconds.
  importAddress: GUID: be17709716f1648caa5de6d0c38103ed - Path: Packages/com.unity.multiplayer.center/Editor/Unity.Multiplayer.Center.Editor.asmdef - Importer: ScriptedImporter/UnityEditor.QuickSearchModule:UnityEditor.Search:ASIAI0B
Importing 'GUID: be17709716f1648caa5de6d0c38103ed - Path: Packages/com.unity.multiplayer.center/Editor/Unity.Multiplayer.Center.Editor.asmdef - Importer: ScriptedImporter/UnityEditor.QuickSearchModule:UnityEditor.Search:ASIAI0B' with importer (ScriptedImporter : UnityEditor.QuickSearchModule:UnityEditor.Search:ASIAI0B)
Imported 'GUID: be17709716f1648caa5de6d0c38103ed' -> (Import Result ID: '9ec70640e60e501963353057e52cdaf8') in 0.008 seconds [static and dynamic dependencies]. Details - ImportResultOutputID=c24e1bc98b1e9dfce2f89f29a1addbb8 DependenciesID=d62b7a5815b0ed04542c63b135460458 StaticDependenciesID=371ba83ba83c3d9b3fd928186d534e86 
Number of updated asset objects reloaded before import = 0
Number of asset objects unloaded after import = 1
========================================================================
Received Import Request.
  Time of request: 2026-10-05T20:39:55.7657836Z
  Time since last request: 0.0002884 seconds.
  importAddress: GUID: ae87256f29d9c8b50490f4caf75b2c41 - Path: Packages/com.unity.modules.unitywebrequestwww/package.ModuleCompilationTrigger - Importer: ScriptedImporter/UnityEditor.QuickSearchModule:UnityEditor.Search:ASIAI0B
Importing 'GUID: ae87256f29d9c8b50490f4caf75b2c41 - Path: Packages/com.unity.modules.unitywebrequestwww/package.ModuleCompilationTrigger - Importer: ScriptedImporter/UnityEditor.QuickSearchModule:UnityEditor.Search:ASIAI0B' with importer (ScriptedImporter : UnityEditor.QuickSearchModule:UnityEditor.Search:ASIAI0B)
Imported 'GUID: ae87256f29d9c8b50490f4caf75b2c41' -> (Import Result ID: 'cdbfc4ef82bf6422f2307473ad3834d4') in 0.005 seconds [static and dynamic dependencies]. Details - ImportResultOutputID=37eeddee4654866eb42fc29b69d9ba26 DependenciesID=a4724231bff4bd3b787a5bac5bf979e0 StaticDependenciesID=437a9f907ef2a846d8f3b099ac4c551c 
Number of updated asset objects reloaded before import = 0
Number of asset objects unloaded after import = 1
========================================================================
Received Import Request.
  Time of request: 2026-10-05T20:39:55.7714109Z
  Time since last request: 0.000246 seconds.
  importAddress: GUID: 676a3852811f4199813ce7f6dbac6880 - Path: Packages/com.unity.multiplayer.center/Editor/Features/PackageManagement.cs - Importer: ScriptedImporter/UnityEditor.QuickSearchModule:UnityEditor.Search:ASIAI0B
Importing 'GUID: 676a3852811f4199813ce7f6dbac6880 - Path: Packages/com.unity.multiplayer.center/Editor/Features/PackageManagement.cs - Importer: ScriptedImporter/UnityEditor.QuickSearchModule:UnityEditor.Search:ASIAI0B' with importer (ScriptedImporter : UnityEditor.QuickSearchModule:UnityEditor.Search:ASIAI0B)
Imported 'GUID: 676a3852811f4199813ce7f6dbac6880' -> (Import Result ID: '299052638ef112d4c3eaaaddbc9332d5') in 0.003 seconds [static and dynamic dependencies]. Details - ImportResultOutputID=060ff50e2323bbb597172e518335724c DependenciesID=20b83bab8845f56ba78a8b42f0e4a595 StaticDependenciesID=f714e5596de0fff63bb6e57d758d1a48 
Number of updated asset objects reloaded before import = 0
Number of asset objects unloaded after import = 0
========================================================================
Received Import Request.
  Time of request: 2026-10-05T20:39:55.7751656Z
  Time since last request: 0.000249 seconds.
  importAddress: GUID: 052c764978664486a9c04518899ddf57 - Path: Packages/com.unity.multiplayer.center/Editor/MultiplayerCenterWindow/RecommendationTabView.cs - Importer: ScriptedImporter/UnityEditor.QuickSearchModule:UnityEditor.Search:ASIAI0B
Importing 'GUID: 052c764978664486a9c04518899ddf57 - Path: Packages/com.unity.multiplayer.center/Editor/MultiplayerCenterWindow/RecommendationTabView.cs - Importer: ScriptedImporter/UnityEditor.QuickSearchModule:UnityEditor.Search:ASIAI0B' with importer (ScriptedImporter : UnityEditor.QuickSearchModule:UnityEditor.Search:ASIAI0B)
Imported 'GUID: 052c764978664486a9c04518899ddf57' -> (Import Result ID: '5843732c57b22d56c771d983cd9f82ef') in 0.003 seconds [static and dynamic dependencies]. Details - ImportResultOutputID=a93b51f4334e857c4c6ebd83a7ab37bd DependenciesID=40427277577a9678f97b841c5da384ff StaticDependenciesID=691aaa675ebd5e608716caa3b785e51d 
Number of updated asset objects reloaded before import = 0
Number of asset objects unloaded after import = 0
========================================================================
Received Import Request.
  Time of request: 2026-10-05T20:39:55.7786962Z
  Time since last request: 0.000273 seconds.
  importAddress: GUID: a31a332ce3485f00f7df8d987302a29c - Path: Packages/com.unity.modules.unitywebrequesttexture/package.ModuleCompilationTrigger - Importer: ScriptedImporter/UnityEditor.QuickSearchModule:UnityEditor.Search:ASIAI0B
Importing 'GUID: a31a332ce3485f00f7df8d987302a29c - Path: Packages/com.unity.modules.unitywebrequesttexture/package.ModuleCompilationTrigger - Importer: ScriptedImporter/UnityEditor.QuickSearchModule:UnityEditor.Search:ASIAI0B' with importer (ScriptedImporter : UnityEditor.QuickSearchModule:UnityEditor.Search:ASIAI0B)
Imported 'GUID: a31a332ce3485f00f7df8d987302a29c' -> (Import Result ID: 'f18cf2f569a7b2107efbfa3029b2ee8d') in 0.005 seconds [static and dynamic dependencies]. Details - ImportResultOutputID=7561779deb1985c160023fdfeb75446f DependenciesID=57b51da99129750b2d975a155538a8c4 StaticDependenciesID=55dd8749b9f6530e7d2c275e03594a2a 
Number of updated asset objects reloaded before import = 0
Number of asset objects unloaded after import = 1
========================================================================
Received Import Request.
  Time of request: 2026-10-05T20:39:55.7844949Z
  Time since last request: 0.0002376 seconds.
  importAddress: GUID: d1084186a4004823abee9b87c8ddf198 - Path: Packages/com.unity.multiplayer.center/Editor/MultiplayerCenterWindow/RecommendationViewBottomBar.cs - Importer: ScriptedImporter/UnityEditor.QuickSearchModule:UnityEditor.Search:ASIAI0B
Importing 'GUID: d1084186a4004823abee9b87c8ddf198 - Path: Packages/com.unity.multiplayer.center/Editor/MultiplayerCenterWindow/RecommendationViewBottomBar.cs - Importer: ScriptedImporter/UnityEditor.QuickSearchModule:UnityEditor.Search:ASIAI0B' with importer (ScriptedImporter : UnityEditor.QuickSearchModule:UnityEditor.Search:ASIAI0B)
Imported 'GUID: d1084186a4004823abee9b87c8ddf198' -> (Import Result ID: 'cfa95c5664ba0e7115c19c1cb7b7df05') in 0.008 seconds [static and dynamic dependencies]. Details - ImportResultOutputID=e52267363e9f5f0ec56efa5043ec31b4 DependenciesID=45c105716ccbb34ff68ca2530e951116 StaticDependenciesID=17d0a1631d1dc741c13b832a73b7923e 
Number of updated asset objects reloaded before import = 0
Number of asset objects unloaded after import = 0
========================================================================
Received Import Request.
  Time of request: 2026-10-05T20:39:55.7925118Z
  Time since last request: 0.000294 seconds.
  importAddress: GUID: d85e5eeaf8f135aeaaebdc8aa3cff6c3 - Path: Packages/com.unity.modules.umbra/package.json - Importer: ScriptedImporter/UnityEditor.QuickSearchModule:UnityEditor.Search:ASIAI0B
Importing 'GUID: d85e5eeaf8f135aeaaebdc8aa3cff6c3 - Path: Packages/com.unity.modules.umbra/package.json - Importer: ScriptedImporter/UnityEditor.QuickSearchModule:UnityEditor.Search:ASIAI0B' with importer (ScriptedImporter : UnityEditor.QuickSearchModule:UnityEditor.Search:ASIAI0B)
Imported 'GUID: d85e5eeaf8f135aeaaebdc8aa3cff6c3' -> (Import Result ID: 'b52ad7838197f7d15fe05cd64485c16b') in 0.009 seconds [static and dynamic dependencies]. Details - ImportResultOutputID=ecd0e65a66b622f3b7ba99d434cbcbd5 DependenciesID=fb3a28d7ec52f4aa1a43773ce2adf886 StaticDependenciesID=d564d22e891be9a9233c184ec3bf528a 
Number of updated asset objects reloaded before import = 0
Number of asset objects unloaded after import = 1
========================================================================
Received Import Request.
  Time of request: 2026-10-05T20:39:55.8018197Z
  Time since last request: 0.0002625 seconds.
  importAddress: GUID: 84abd2ab34a74600a33a3bb9d72859fe - Path: Packages/com.unity.multiplayer.center/Common/Unity.Multiplayer.Center.Common.asmdef - Importer: ScriptedImporter/UnityEditor.QuickSearchModule:UnityEditor.Search:ASIAI0B
Importing 'GUID: 84abd2ab34a74600a33a3bb9d72859fe - Path: Packages/com.unity.multiplayer.center/Common/Unity.Multiplayer.Center.Common.asmdef - Importer: ScriptedImporter/UnityEditor.QuickSearchModule:UnityEditor.Search:ASIAI0B' with importer (ScriptedImporter : UnityEditor.QuickSearchModule:UnityEditor.Search:ASIAI0B)
Imported 'GUID: 84abd2ab34a74600a33a3bb9d72859fe' -> (Import Result ID: 'f93bb1646276a08784f6236c97418a39') in 0.009 seconds [static and dynamic dependencies]. Details - ImportResultOutputID=26c8994701914deac9473fbefb43ded7 DependenciesID=da4a3a2f794d389b2b0f1fcf51069ac4 StaticDependenciesID=10e8e2f9e4322071dfeb7039df429088 
Number of updated asset objects reloaded before import = 0
Number of asset objects unloaded after import = 1
========================================================================
Received Import Request.
  Time of request: 2026-10-05T20:39:55.8113368Z
  Time since last request: 0.0002895 seconds.
  importAddress: GUID: 4b518b37798c97b0f860962cbf615533 - Path: Packages/com.unity.modules.unitywebrequestaudio/package.json - Importer: ScriptedImporter/UnityEditor.QuickSearchModule:UnityEditor.Search:ASIAI0B
Importing 'GUID: 4b518b37798c97b0f860962cbf615533 - Path: Packages/com.unity.modules.unitywebrequestaudio/package.json - Importer: ScriptedImporter/UnityEditor.QuickSearchModule:UnityEditor.Search:ASIAI0B' with importer (ScriptedImporter : UnityEditor.QuickSearchModule:UnityEditor.Search:ASIAI0B)
Imported 'GUID: 4b518b37798c97b0f860962cbf615533' -> (Import Result ID: 'e0c5c39c5c6e4d117b3271385803db33') in 0.003 seconds [static and dynamic dependencies]. Details - ImportResultOutputID=fe7ca09614aa4ccfe198e362e6d9bb30 DependenciesID=ebde22b490ce85aaeb98add396715272 StaticDependenciesID=fde15cf59b19d28a3075a830186e59b9 
Number of updated asset objects reloaded before import = 0
Number of asset objects unloaded after import = 1
========================================================================
Received Import Request.
  Time of request: 2026-10-05T20:39:55.8152183Z
  Time since last request: 0.0003556 seconds.
  importAddress: GUID: ec737041edec4a5b93f7953a6ffe9f06 - Path: Packages/com.unity.multiplayer.center/Common/SelectedSolutionsData.cs - Importer: ScriptedImporter/UnityEditor.QuickSearchModule:UnityEditor.Search:ASIAI0B
Importing 'GUID: ec737041edec4a5b93f7953a6ffe9f06 - Path: Packages/com.unity.multiplayer.center/Common/SelectedSolutionsData.cs - Importer: ScriptedImporter/UnityEditor.QuickSearchModule:UnityEditor.Search:ASIAI0B' with importer (ScriptedImporter : UnityEditor.QuickSearchModule:UnityEditor.Search:ASIAI0B)
Imported 'GUID: ec737041edec4a5b93f7953a6ffe9f06' -> (Import Result ID: '74683757b447d72bb239e456e2b376b8') in 0.003 seconds [static and dynamic dependencies]. Details - ImportResultOutputID=a31f8f845627e3a0249a48bcd6073fa9 DependenciesID=a7996a0731b420d7b2ad6083ff3f1662 StaticDependenciesID=1a95b267593e5c71e03af3fb8924576e 
Number of updated asset objects reloaded before import = 0
Number of asset objects unloaded after import = 0
========================================================================
Received Import Request.
  Time of request: 2026-10-05T20:39:55.8182939Z
  Time since last request: 0.0002535 seconds.
  importAddress: GUID: b5930dbc378b45d406aeb881f06b6dfa - Path: Packages/com.unity.modules.physicscore2d/package.json - Importer: ScriptedImporter/UnityEditor.QuickSearchModule:UnityEditor.Search:ASIAI0B
Importing 'GUID: b5930dbc378b45d406aeb881f06b6dfa - Path: Packages/com.unity.modules.physicscore2d/package.json - Importer: ScriptedImporter/UnityEditor.QuickSearchModule:UnityEditor.Search:ASIAI0B' with importer (ScriptedImporter : UnityEditor.QuickSearchModule:UnityEditor.Search:ASIAI0B)
Imported 'GUID: b5930dbc378b45d406aeb881f06b6dfa' -> (Import Result ID: 'c2c612a9d43f54ed92e15c0cb0179145') in 0.008 seconds [static and dynamic dependencies]. Details - ImportResultOutputID=509abf330c05de323162f4f6015c4744 DependenciesID=5f7a69b6b794b159e1fac9591a70aac9 StaticDependenciesID=9e8d9e85315e742368381eb6767ae395 
Number of updated asset objects reloaded before import = 0
Number of asset objects unloaded after import = 1
========================================================================
Received Import Request.
  Time of request: 2026-10-05T20:39:55.8272127Z
  Time since last request: 0.000356 seconds.
  importAddress: GUID: a1c42005fe7c5d78585a77ce396a5eea - Path: Packages/com.unity.modules.tilemap/package.ModuleCompilationTrigger - Importer: ScriptedImporter/UnityEditor.QuickSearchModule:UnityEditor.Search:ASIAI0B
Importing 'GUID: a1c42005fe7c5d78585a77ce396a5eea - Path: Packages/com.unity.modules.tilemap/package.ModuleCompilationTrigger - Importer: ScriptedImporter/UnityEditor.QuickSearchModule:UnityEditor.Search:ASIAI0B' with importer (ScriptedImporter : UnityEditor.QuickSearchModule:UnityEditor.Search:ASIAI0B)
Imported 'GUID: a1c42005fe7c5d78585a77ce396a5eea' -> (Import Result ID: 'ad0eecf25349371ebd7b4d58ee955dd2') in 0.003 seconds [static and dynamic dependencies]. Details - ImportResultOutputID=d2c5afd7289be9d65637ceb941aefb82 DependenciesID=8f33e9e1dfb421697b03bfae3e7430b0 StaticDependenciesID=6b24b6182ee74f833622d98f7f941e5b 
Number of updated asset objects reloaded before import = 0
Number of asset objects unloaded after import = 1
========================================================================
Received Import Request.
  Time of request: 2026-10-05T20:39:55.8303677Z
  Time since last request: 0.0002587 seconds.
  importAddress: GUID: e9faa4a7023c43c5805642250c703f48 - Path: Packages/com.unity.multiplayer.center/Editor/Analytics/OnboardingSectionAnalyticsProvider.cs - Importer: ScriptedImporter/UnityEditor.QuickSearchModule:UnityEditor.Search:ASIAI0B
Importing 'GUID: e9faa4a7023c43c5805642250c703f48 - Path: Packages/com.unity.multiplayer.center/Editor/Analytics/OnboardingSectionAnalyticsProvider.cs - Importer: ScriptedImporter/UnityEditor.QuickSearchModule:UnityEditor.Search:ASIAI0B' with importer (ScriptedImporter : UnityEditor.QuickSearchModule:UnityEditor.Search:ASIAI0B)
Imported 'GUID: e9faa4a7023c43c5805642250c703f48' -> (Import Result ID: '3d6a4d70f54b84f30262a993171538da') in 0.002 seconds [static and dynamic dependencies]. Details - ImportResultOutputID=f02f09ede2fd8c86127f98b99c70e26b DependenciesID=f16780c00758822bca001217acb7000a StaticDependenciesID=f6db59a54f3f0bdad0e550bfc931882d 
Number of updated asset objects reloaded before import = 0
Number of asset objects unloaded after import = 0
========================================================================
Received Import Request.
  Time of request: 2026-10-05T20:39:55.8330899Z
  Time since last request: 0.0003157 seconds.
  importAddress: GUID: fcbb62ff857b4cf49e74f5f9aca6e8d6 - Path: Packages/com.unity.multiplayer.center/Editor/OnBoarding/SectionsFinder.cs - Importer: ScriptedImporter/UnityEditor.QuickSearchModule:UnityEditor.Search:ASIAI0B
Importing 'GUID: fcbb62ff857b4cf49e74f5f9aca6e8d6 - Path: Packages/com.unity.multiplayer.center/Editor/OnBoarding/SectionsFinder.cs - Importer: ScriptedImporter/UnityEditor.QuickSearchModule:UnityEditor.Search:ASIAI0B' with importer (ScriptedImporter : UnityEditor.QuickSearchModule:UnityEditor.Search:ASIAI0B)
Imported 'GUID: fcbb62ff857b4cf49e74f5f9aca6e8d6' -> (Import Result ID: '4c25718024a267e8bc0b97cac66cc858') in 0.002 seconds [static and dynamic dependencies]. Details - ImportResultOutputID=1d364bbc139ce6af2ba809ae7d857184 DependenciesID=4906c8633aac76ea55edccf0f3087fc9 StaticDependenciesID=f60bcf4ea36dafd1421e7f655d485025 
Number of updated asset objects reloaded before import = 0
Number of asset objects unloaded after import = 0
========================================================================
Received Import Request.
  Time of request: 2026-10-05T20:39:55.8357958Z
  Time since last request: 0.0003 seconds.
  importAddress: GUID: cbb1a39d56ce4d9ac1a46ac505893fa7 - Path: Packages/com.unity.modules.terrainphysics/package.ModuleCompilationTrigger - Importer: ScriptedImporter/UnityEditor.QuickSearchModule:UnityEditor.Search:ASIAI0B
Importing 'GUID: cbb1a39d56ce4d9ac1a46ac505893fa7 - Path: Packages/com.unity.modules.terrainphysics/package.ModuleCompilationTrigger - Importer: ScriptedImporter/UnityEditor.QuickSearchModule:UnityEditor.Search:ASIAI0B' with importer (ScriptedImporter : UnityEditor.QuickSearchModule:UnityEditor.Search:ASIAI0B)
Imported 'GUID: cbb1a39d56ce4d9ac1a46ac505893fa7' -> (Import Result ID: 'ce2acb5e82ae9651fb78ce9ffb5f077d') in 0.004 seconds [static and dynamic dependencies]. Details - ImportResultOutputID=39a5ba5f30f39a1f7f3584468b4e8e1e DependenciesID=d04625a47c2a94faae48278c165b1449 StaticDependenciesID=a72dd1b071fbac5615e5c68ddf0e0493 
Number of updated asset objects reloaded before import = 0
Number of asset objects unloaded after import = 1
========================================================================
Received Import Request.
  Time of request: 2026-10-05T20:39:55.8400478Z
  Time since last request: 0.0003257 seconds.
  importAddress: GUID: cd561f5f687aed43bf280c27a84f79e3 - Path: Packages/com.unity.modules.screencapture/package.ModuleCompilationTrigger - Importer: ScriptedImporter/UnityEditor.QuickSearchModule:UnityEditor.Search:ASIAI0B
Importing 'GUID: cd561f5f687aed43bf280c27a84f79e3 - Path: Packages/com.unity.modules.screencapture/package.ModuleCompilationTrigger - Importer: ScriptedImporter/UnityEditor.QuickSearchModule:UnityEditor.Search:ASIAI0B' with importer (ScriptedImporter : UnityEditor.QuickSearchModule:UnityEditor.Search:ASIAI0B)
Imported 'GUID: cd561f5f687aed43bf280c27a84f79e3' -> (Import Result ID: 'da00faee81bf64ef28848deab0ed1707') in 0.003 seconds [static and dynamic dependencies]. Details - ImportResultOutputID=0372e3ffc009a4144a0bb16d98201022 DependenciesID=a8786e610df7666dca5d8fbe81233a60 StaticDependenciesID=462d53b40b3e1138d927b024815499b9 
Number of updated asset objects reloaded before import = 0
Number of asset objects unloaded after import = 1
========================================================================
Received Import Request.
  Time of request: 2026-10-05T20:39:55.8437276Z
  Time since last request: 0.0002541 seconds.
  importAddress: GUID: 1b6246f2248883964991eac9e9b4817c - Path: Packages/com.unity.modules.umbra/package.ModuleCompilationTrigger - Importer: ScriptedImporter/UnityEditor.QuickSearchModule:UnityEditor.Search:ASIAI0B
Importing 'GUID: 1b6246f2248883964991eac9e9b4817c - Path: Packages/com.unity.modules.umbra/package.ModuleCompilationTrigger - Importer: ScriptedImporter/UnityEditor.QuickSearchModule:UnityEditor.Search:ASIAI0B' with importer (ScriptedImporter : UnityEditor.QuickSearchModule:UnityEditor.Search:ASIAI0B)
Imported 'GUID: 1b6246f2248883964991eac9e9b4817c' -> (Import Result ID: 'c38191648d321be02fa38d2cc073ec94') in 0.002 seconds [static and dynamic dependencies]. Details - ImportResultOutputID=d67abab376f39ec4ce18279c856f7892 DependenciesID=9279a21be1e1edb4ab0f880ec58fd2e8 StaticDependenciesID=e06c91cb5e498cfc7dc997e5d37f5dba 
Number of updated asset objects reloaded before import = 0
Number of asset objects unloaded after import = 1
========================================================================
Received Import Request.
  Time of request: 2026-10-05T20:39:55.846329Z
  Time since last request: 0.0002604 seconds.
  importAddress: GUID: c8f6fa942856442b8bd72594d3ce7363 - Path: Packages/com.unity.multiplayer.center/Third Party Notices.md - Importer: ScriptedImporter/UnityEditor.QuickSearchModule:UnityEditor.Search:ASIAI0B
Importing 'GUID: c8f6fa942856442b8bd72594d3ce7363 - Path: Packages/com.unity.multiplayer.center/Third Party Notices.md - Importer: ScriptedImporter/UnityEditor.QuickSearchModule:UnityEditor.Search:ASIAI0B' with importer (ScriptedImporter : UnityEditor.QuickSearchModule:UnityEditor.Search:ASIAI0B)
Imported 'GUID: c8f6fa942856442b8bd72594d3ce7363' -> (Import Result ID: '37d0efd0ea5fe6b4549661bc26175b28') in 0.003 seconds [static and dynamic dependencies]. Details - ImportResultOutputID=c7e423acc9dbddf3a8cfbf7ed7f2ae79 DependenciesID=0ed3cd84e58380d011b13caaf1f8a17b StaticDependenciesID=68a7a4c8a7d640afe17ecdfc6e8dbae9 
Number of updated asset objects reloaded before import = 0
Number of asset objects unloaded after import = 1
========================================================================
Received Import Request.
  Time of request: 2026-10-05T20:39:55.8497065Z
  Time since last request: 0.0002625 seconds.
  importAddress: GUID: 40bf3cec17fa0b49fe04443c8332d638 - Path: Packages/com.unity.modules.jsonserialize/package.json - Importer: ScriptedImporter/UnityEditor.QuickSearchModule:UnityEditor.Search:ASIAI0B
Importing 'GUID: 40bf3cec17fa0b49fe04443c8332d638 - Path: Packages/com.unity.modules.jsonserialize/package.json - Importer: ScriptedImporter/UnityEditor.QuickSearchModule:UnityEditor.Search:ASIAI0B' with importer (ScriptedImporter : UnityEditor.QuickSearchModule:UnityEditor.Search:ASIAI0B)
Imported 'GUID: 40bf3cec17fa0b49fe04443c8332d638' -> (Import Result ID: 'b2866bd099a3ea1a137003ddb03ffea7') in 0.003 seconds [static and dynamic dependencies]. Details - ImportResultOutputID=504e721ddd9e1f6482d3073ccb64fae9 DependenciesID=d0daf1d207826f5b20178178a99c798e StaticDependenciesID=ceabe9db4a4183545e2bf3ec38ae2d39 
Number of updated asset objects reloaded before import = 0
Number of asset objects unloaded after import = 1
========================================================================
Received Import Request.
  Time of request: 2026-10-05T20:39:55.852969Z
  Time since last request: 0.000246 seconds.
  importAddress: GUID: 042dc296246916648e55a43d0eeb2036 - Path: Packages/com.unity.modules.audio/package.ModuleCompilationTrigger - Importer: ScriptedImporter/UnityEditor.QuickSearchModule:UnityEditor.Search:ASIAI0B
Importing 'GUID: 042dc296246916648e55a43d0eeb2036 - Path: Packages/com.unity.modules.audio/package.ModuleCompilationTrigger - Importer: ScriptedImporter/UnityEditor.QuickSearchModule:UnityEditor.Search:ASIAI0B' with importer (ScriptedImporter : UnityEditor.QuickSearchModule:UnityEditor.Search:ASIAI0B)
Imported 'GUID: 042dc296246916648e55a43d0eeb2036' -> (Import Result ID: '77ab227ee710756ad945d3b6e8490afc') in 0.002 seconds [static and dynamic dependencies]. Details - ImportResultOutputID=dfb852e57b9fc87d26419f896b4fdadf DependenciesID=faf51ddfc74b8af0d8edc575e50a0ab7 StaticDependenciesID=ecad093def8bb1ef3867aead18dda637 
Number of updated asset objects reloaded before import = 0
Number of asset objects unloaded after import = 1
========================================================================
Received Import Request.
  Time of request: 2026-10-05T20:39:55.8558731Z
  Time since last request: 0.0002864 seconds.
  importAddress: GUID: d3cbe921f7b3d9a3257e7c61a5761796 - Path: Packages/com.unity.modules.terrainphysics/package.json - Importer: ScriptedImporter/UnityEditor.QuickSearchModule:UnityEditor.Search:ASIAI0B
Importing 'GUID: d3cbe921f7b3d9a3257e7c61a5761796 - Path: Packages/com.unity.modules.terrainphysics/package.json - Importer: ScriptedImporter/UnityEditor.QuickSearchModule:UnityEditor.Search:ASIAI0B' with importer (ScriptedImporter : UnityEditor.QuickSearchModule:UnityEditor.Search:ASIAI0B)
Imported 'GUID: d3cbe921f7b3d9a3257e7c61a5761796' -> (Import Result ID: '713c29add3e11e87b310b4696b1611ca') in 0.003 seconds [static and dynamic dependencies]. Details - ImportResultOutputID=d34a43eb9632ada474389e20672a5018 DependenciesID=d54718b71890fe20d03df3a863a49bcd StaticDependenciesID=be7ba782dbde81d6dd767a6d429c6c37 
Number of updated asset objects reloaded before import = 0
Number of asset objects unloaded after import = 1
========================================================================
Received Import Request.
  Time of request: 2026-10-05T20:39:55.8594645Z
  Time since last request: 0.000271 seconds.
  importAddress: GUID: 14e86f88e9a8c9c448d7e7df92f2aeec - Path: Packages/com.unity.modules.physicscore2d/package.ModuleCompilationTrigger - Importer: ScriptedImporter/UnityEditor.QuickSearchModule:UnityEditor.Search:ASIAI0B
Importing 'GUID: 14e86f88e9a8c9c448d7e7df92f2aeec - Path: Packages/com.unity.modules.physicscore2d/package.ModuleCompilationTrigger - Importer: ScriptedImporter/UnityEditor.QuickSearchModule:UnityEditor.Search:ASIAI0B' with importer (ScriptedImporter : UnityEditor.QuickSearchModule:UnityEditor.Search:ASIAI0B)
Imported 'GUID: 14e86f88e9a8c9c448d7e7df92f2aeec' -> (Import Result ID: 'c712bf1747143ccaf01cc29b519ccda0') in 0.002 seconds [static and dynamic dependencies]. Details - ImportResultOutputID=680c130dcfee148a965811a7cf0435d3 DependenciesID=d78a0c237cf18c554b598fc2a4dd8d52 StaticDependenciesID=e2874be0511683b2e3c8487c49d4b47e 
Number of updated asset objects reloaded before import = 0
Number of asset objects unloaded after import = 1
========================================================================
Received Import Request.
  Time of request: 2026-10-05T20:39:55.8622172Z
  Time since last request: 0.00026 seconds.
  importAddress: GUID: 51566b3736df4282bbe76645014b0cc5 - Path: Packages/com.unity.multiplayer.center/Editor/AssemblyInfo.cs - Importer: ScriptedImporter/UnityEditor.QuickSearchModule:UnityEditor.Search:ASIAI0B
Importing 'GUID: 51566b3736df4282bbe76645014b0cc5 - Path: Packages/com.unity.multiplayer.center/Editor/AssemblyInfo.cs - Importer: ScriptedImporter/UnityEditor.QuickSearchModule:UnityEditor.Search:ASIAI0B' with importer (ScriptedImporter : UnityEditor.QuickSearchModule:UnityEditor.Search:ASIAI0B)
Imported 'GUID: 51566b3736df4282bbe76645014b0cc5' -> (Import Result ID: '04331ae58bd88d9e42354c9333e70f28') in 0.003 seconds [static and dynamic dependencies]. Details - ImportResultOutputID=a721c879151667451129264db6bf88e0 DependenciesID=3ee774c3f2caa827f0bc10e9dbbceceb StaticDependenciesID=991c344acc7b04b98731622b67447235 
Number of updated asset objects reloaded before import = 0
Number of asset objects unloaded after import = 0
========================================================================
Received Import Request.
  Time of request: 2026-10-05T20:39:55.8653131Z
  Time since last request: 0.0002608 seconds.
  importAddress: GUID: 4cee1dc929764056ac40ece91efef712 - Path: Packages/com.unity.multiplayer.center/Editor/Analytics/AnalyticsData.cs - Importer: ScriptedImporter/UnityEditor.QuickSearchModule:UnityEditor.Search:ASIAI0B
Importing 'GUID: 4cee1dc929764056ac40ece91efef712 - Path: Packages/com.unity.multiplayer.center/Editor/Analytics/AnalyticsData.cs - Importer: ScriptedImporter/UnityEditor.QuickSearchModule:UnityEditor.Search:ASIAI0B' with importer (ScriptedImporter : UnityEditor.QuickSearchModule:UnityEditor.Search:ASIAI0B)
Imported 'GUID: 4cee1dc929764056ac40ece91efef712' -> (Import Result ID: '82d11b87e4fe795b6e217a423dc29150') in 0.002 seconds [static and dynamic dependencies]. Details - ImportResultOutputID=1bcbf7ad8ca305f18bca1b41da54a6ec DependenciesID=7dce6b357387138a58f48c0050e8883d StaticDependenciesID=ccad821edb658c0038d705db00172a77 
Number of updated asset objects reloaded before import = 0
Number of asset objects unloaded after import = 0
========================================================================
Received Import Request.
  Time of request: 2026-10-05T20:39:55.8682823Z
  Time since last request: 0.0003174 seconds.
  importAddress: GUID: d0e3ad91972c66f5238f5b9b7d5ae58a - Path: Packages/com.unity.modules.unitywebrequesttexture/package.json - Importer: ScriptedImporter/UnityEditor.QuickSearchModule:UnityEditor.Search:ASIAI0B
Importing 'GUID: d0e3ad91972c66f5238f5b9b7d5ae58a - Path: Packages/com.unity.modules.unitywebrequesttexture/package.json - Importer: ScriptedImporter/UnityEditor.QuickSearchModule:UnityEditor.Search:ASIAI0B' with importer (ScriptedImporter : UnityEditor.QuickSearchModule:UnityEditor.Search:ASIAI0B)
Imported 'GUID: d0e3ad91972c66f5238f5b9b7d5ae58a' -> (Import Result ID: '5344a7b7c6dd0dfa54e7731bfde5a5f7') in 0.003 seconds [static and dynamic dependencies]. Details - ImportResultOutputID=6bcf31344ef91b88bed33d8d869a1edf DependenciesID=eec9777d1ed01f6a56731e28b475bc2b StaticDependenciesID=b69713d9e888d5e3c19063ff1908b9e0 
Number of updated asset objects reloaded before import = 0
Number of asset objects unloaded after import = 1
========================================================================
Received Import Request.
  Time of request: 2026-10-05T20:39:55.871453Z
  Time since last request: 0.0002427 seconds.
  importAddress: GUID: 3bbd27b3dd7be4a74aeab8da6b0af5cc - Path: Packages/com.unity.multiplayer.center/CHANGELOG.md - Importer: ScriptedImporter/UnityEditor.QuickSearchModule:UnityEditor.Search:ASIAI0B
Importing 'GUID: 3bbd27b3dd7be4a74aeab8da6b0af5cc - Path: Packages/com.unity.multiplayer.center/CHANGELOG.md - Importer: ScriptedImporter/UnityEditor.QuickSearchModule:UnityEditor.Search:ASIAI0B' with importer (ScriptedImporter : UnityEditor.QuickSearchModule:UnityEditor.Search:ASIAI0B)
Imported 'GUID: 3bbd27b3dd7be4a74aeab8da6b0af5cc' -> (Import Result ID: '4914aa3bf5897930ea39f08c04c17363') in 0.003 seconds [static and dynamic dependencies]. Details - ImportResultOutputID=30b8b22b2120473aef62d95ef0198df8 DependenciesID=857fb73b9271d3419556cb433f612284 StaticDependenciesID=83a06dd8920033ed46ac346590fd3dff 
Number of updated asset objects reloaded before import = 0
Number of asset objects unloaded after import = 1
========================================================================
Received Import Request.
  Time of request: 2026-10-05T20:39:55.8753984Z
  Time since last request: 0.000385 seconds.
  importAddress: GUID: 42fe78c8fe682715a2cb531422e6ccb3 - Path: Packages/com.unity.modules.imgui/package.json - Importer: ScriptedImporter/UnityEditor.QuickSearchModule:UnityEditor.Search:ASIAI0B
Importing 'GUID: 42fe78c8fe682715a2cb531422e6ccb3 - Path: Packages/com.unity.modules.imgui/package.json - Importer: ScriptedImporter/UnityEditor.QuickSearchModule:UnityEditor.Search:ASIAI0B' with importer (ScriptedImporter : UnityEditor.QuickSearchModule:UnityEditor.Search:ASIAI0B)
Imported 'GUID: 42fe78c8fe682715a2cb531422e6ccb3' -> (Import Result ID: '91cc6b6662eff9ab633bd06308154286') in 0.003 seconds [static and dynamic dependencies]. Details - ImportResultOutputID=f21dd40ae7037f2c766f3b00ee2af226 DependenciesID=e18d6a231667cfc3de68a34912b270d9 StaticDependenciesID=04f3d155746ab74f90d33f1309b9cd3b 
Number of updated asset objects reloaded before import = 0
Number of asset objects unloaded after import = 1
========================================================================
Received Import Request.
  Time of request: 2026-10-05T20:39:55.8790839Z
  Time since last request: 0.0002663 seconds.
  importAddress: GUID: dd20f32039084a12a8e48dffd4d58f48 - Path: Packages/com.unity.multiplayer.center/Editor/Analytics/DebugAnalytics.cs - Importer: ScriptedImporter/UnityEditor.QuickSearchModule:UnityEditor.Search:ASIAI0B
Importing 'GUID: dd20f32039084a12a8e48dffd4d58f48 - Path: Packages/com.unity.multiplayer.center/Editor/Analytics/DebugAnalytics.cs - Importer: ScriptedImporter/UnityEditor.QuickSearchModule:UnityEditor.Search:ASIAI0B' with importer (ScriptedImporter : UnityEditor.QuickSearchModule:UnityEditor.Search:ASIAI0B)
Imported 'GUID: dd20f32039084a12a8e48dffd4d58f48' -> (Import Result ID: '5f2960f89f8e3a3e2cb448a29b9aefc6') in 0.002 seconds [static and dynamic dependencies]. Details - ImportResultOutputID=b3311aa16d60f6d79f9ecb5bf94eb7e6 DependenciesID=315f8114095714e9fe2ee18520362805 StaticDependenciesID=8bac49e52ff77d061ffa2e91342259dc 
Number of updated asset objects reloaded before import = 0
Number of asset objects unloaded after import = 0
========================================================================
Received Import Request.
  Time of request: 2026-10-05T20:39:55.8818164Z
  Time since last request: 0.0002702 seconds.
  importAddress: GUID: e6a135e3ea9cb46795d1b0e05ac3e1e5 - Path: Packages/com.unity.modules.jsonserialize/package.ModuleCompilationTrigger - Importer: ScriptedImporter/UnityEditor.QuickSearchModule:UnityEditor.Search:ASIAI0B
Importing 'GUID: e6a135e3ea9cb46795d1b0e05ac3e1e5 - Path: Packages/com.unity.modules.jsonserialize/package.ModuleCompilationTrigger - Importer: ScriptedImporter/UnityEditor.QuickSearchModule:UnityEditor.Search:ASIAI0B' with importer (ScriptedImporter : UnityEditor.QuickSearchModule:UnityEditor.Search:ASIAI0B)
Imported 'GUID: e6a135e3ea9cb46795d1b0e05ac3e1e5' -> (Import Result ID: '7853780bff10de78fb443b5a510675c4') in 0.002 seconds [static and dynamic dependencies]. Details - ImportResultOutputID=64c5d72210e59f9f9789790efc5b1834 DependenciesID=5ac7c139e0e90c65cee44a26f61a89f5 StaticDependenciesID=87cbc9f3f6f3ce3710a91df6a8119747 
Number of updated asset objects reloaded before import = 0
Number of asset objects unloaded after import = 1
========================================================================
Received Import Request.
  Time of request: 2026-10-05T20:39:55.8846963Z
  Time since last request: 0.0002451 seconds.
  importAddress: GUID: 71136fc5cf34f2cc10be0e33c0b08019 - Path: Packages/com.unity.modules.unityanalytics/package.ModuleCompilationTrigger - Importer: ScriptedImporter/UnityEditor.QuickSearchModule:UnityEditor.Search:ASIAI0B
Importing 'GUID: 71136fc5cf34f2cc10be0e33c0b08019 - Path: Packages/com.unity.modules.unityanalytics/package.ModuleCompilationTrigger - Importer: ScriptedImporter/UnityEditor.QuickSearchModule:UnityEditor.Search:ASIAI0B' with importer (ScriptedImporter : UnityEditor.QuickSearchModule:UnityEditor.Search:ASIAI0B)
Imported 'GUID: 71136fc5cf34f2cc10be0e33c0b08019' -> (Import Result ID: '524e1cdc717d26f375163ecaca2c66ec') in 0.004 seconds [static and dynamic dependencies]. Details - ImportResultOutputID=66fee9b63c5c5ff031b388b48356a9bb DependenciesID=662bf0c514610421b38ae4fa030dd05e StaticDependenciesID=0271529bae90857a75e811db014e4bb8 
Number of updated asset objects reloaded before import = 0
Number of asset objects unloaded after import = 1
========================================================================
Received Import Request.
  Time of request: 2026-10-05T20:39:55.889045Z
  Time since last request: 0.0002316 seconds.
  importAddress: GUID: 8bce0b24c28e45d884acfcf49a3b8945 - Path: Packages/com.unity.multiplayer.center/Editor/Analytics/MultiplayerCenterAnalyticsFactory.cs - Importer: ScriptedImporter/UnityEditor.QuickSearchModule:UnityEditor.Search:ASIAI0B
Importing 'GUID: 8bce0b24c28e45d884acfcf49a3b8945 - Path: Packages/com.unity.multiplayer.center/Editor/Analytics/MultiplayerCenterAnalyticsFactory.cs - Importer: ScriptedImporter/UnityEditor.QuickSearchModule:UnityEditor.Search:ASIAI0B' with importer (ScriptedImporter : UnityEditor.QuickSearchModule:UnityEditor.Search:ASIAI0B)
Imported 'GUID: 8bce0b24c28e45d884acfcf49a3b8945' -> (Import Result ID: 'b03be04faac41b965795a0decb47d362') in 0.005 seconds [static and dynamic dependencies]. Details - ImportResultOutputID=58517f0bf108385481fb386de1f5b3ac DependenciesID=2b6b1318736b4e6b616620821fffc30e StaticDependenciesID=104d2717fe28c015b04cac33aaf49a7c 
Number of updated asset objects reloaded before import = 0
Number of asset objects unloaded after import = 0
========================================================================
Received Import Request.
  Time of request: 2026-10-05T20:39:55.8946722Z
  Time since last request: 0.0003051 seconds.
  importAddress: GUID: fa27413e9edb06a6058d6c894eca0338 - Path: Packages/com.unity.modules.unitywebrequestwww/package.json - Importer: ScriptedImporter/UnityEditor.QuickSearchModule:UnityEditor.Search:ASIAI0B
Importing 'GUID: fa27413e9edb06a6058d6c894eca0338 - Path: Packages/com.unity.modules.unitywebrequestwww/package.json - Importer: ScriptedImporter/UnityEditor.QuickSearchModule:UnityEditor.Search:ASIAI0B' with importer (ScriptedImporter : UnityEditor.QuickSearchModule:UnityEditor.Search:ASIAI0B)
Imported 'GUID: fa27413e9edb06a6058d6c894eca0338' -> (Import Result ID: 'd7ecf41decdc4fe6bfe89cc38d46fc64') in 0.008 seconds [static and dynamic dependencies]. Details - ImportResultOutputID=c48095bb94dca0c8399866b578e76a8e DependenciesID=b75adfcc1ad0489cd2e36d2d23ce5cc2 StaticDependenciesID=689a006160365d60b7d0386c8c5eea52 
Number of updated asset objects reloaded before import = 0
Number of asset objects unloaded after import = 1
========================================================================
Received Import Request.
  Time of request: 2026-10-05T20:39:55.9034474Z
  Time since last request: 0.0002626 seconds.
  importAddress: GUID: d2c2caab1f2642afa6c07dec054fd34f - Path: Packages/com.unity.multiplayer.center/Editor/OnBoarding/GettingStartedTabView.cs - Importer: ScriptedImporter/UnityEditor.QuickSearchModule:UnityEditor.Search:ASIAI0B
Importing 'GUID: d2c2caab1f2642afa6c07dec054fd34f - Path: Packages/com.unity.multiplayer.center/Editor/OnBoarding/GettingStartedTabView.cs - Importer: ScriptedImporter/UnityEditor.QuickSearchModule:UnityEditor.Search:ASIAI0B' with importer (ScriptedImporter : UnityEditor.QuickSearchModule:UnityEditor.Search:ASIAI0B)
Imported 'GUID: d2c2caab1f2642afa6c07dec054fd34f' -> (Import Result ID: 'e491221c78562afb4375faa270aa96e0') in 0.005 seconds [static and dynamic dependencies]. Details - ImportResultOutputID=e81887d1e4afd5d4920c418dc2a703ef DependenciesID=1d0ea30d11e20e02de904cfae0ca20b2 StaticDependenciesID=fe4654cadc712ccf90d896f5f0e5fb64 
Number of updated asset objects reloaded before import = 0
Number of asset objects unloaded after import = 0
========================================================================
Received Import Request.
  Time of request: 2026-10-05T20:39:55.9085107Z
  Time since last request: 0.0003429 seconds.
  importAddress: GUID: 322b0121d39f45208a3d933e6926a9d8 - Path: Packages/com.unity.multiplayer.center/Editor/OnBoarding/QuickstartPackageHandling.cs - Importer: ScriptedImporter/UnityEditor.QuickSearchModule:UnityEditor.Search:ASIAI0B
Importing 'GUID: 322b0121d39f45208a3d933e6926a9d8 - Path: Packages/com.unity.multiplayer.center/Editor/OnBoarding/QuickstartPackageHandling.cs - Importer: ScriptedImporter/UnityEditor.QuickSearchModule:UnityEditor.Search:ASIAI0B' with importer (ScriptedImporter : UnityEditor.QuickSearchModule:UnityEditor.Search:ASIAI0B)
Imported 'GUID: 322b0121d39f45208a3d933e6926a9d8' -> (Import Result ID: 'b06a4be48c20f02194e370e7a6945194') in 0.003 seconds [static and dynamic dependencies]. Details - ImportResultOutputID=27c879488600534b7c6d025f37d9e9e0 DependenciesID=07fb9ab1c926ad1853f3d40c6a09328e StaticDependenciesID=ea30257ff9dc3b07aa9383d9cffff8a1 
Number of updated asset objects reloaded before import = 0
Number of asset objects unloaded after import = 0
========================================================================
Received Import Request.
  Time of request: 2026-10-05T20:39:55.9121542Z
  Time since last request: 0.0003152 seconds.
  importAddress: GUID: 26a4f29db434fd79025c91f6126382cc - Path: Packages/com.unity.modules.unityanalytics/package.json - Importer: ScriptedImporter/UnityEditor.QuickSearchModule:UnityEditor.Search:ASIAI0B
Importing 'GUID: 26a4f29db434fd79025c91f6126382cc - Path: Packages/com.unity.modules.unityanalytics/package.json - Importer: ScriptedImporter/UnityEditor.QuickSearchModule:UnityEditor.Search:ASIAI0B' with importer (ScriptedImporter : UnityEditor.QuickSearchModule:UnityEditor.Search:ASIAI0B)
Imported 'GUID: 26a4f29db434fd79025c91f6126382cc' -> (Import Result ID: '5f27c832b12f17bdc16d79c492a9338f') in 0.005 seconds [static and dynamic dependencies]. Details - ImportResultOutputID=0f483923fb8e5bf7699afece4dee4ab8 DependenciesID=c61f670adc8b8b1ecfbd931dd93d2d1e StaticDependenciesID=0ee351d5a59e840f14d6becfb44f445b 
Number of updated asset objects reloaded before import = 0
Number of asset objects unloaded after import = 1
========================================================================
Received Import Request.
  Time of request: 2026-10-05T20:39:55.917852Z
  Time since last request: 0.000271 seconds.
  importAddress: GUID: 7e006510f5f4425ca971c7de0bfbb77a - Path: Packages/com.unity.multiplayer.center/Editor/MultiplayerCenterWindow/MultiplayerCenterWindow.cs - Importer: ScriptedImporter/UnityEditor.QuickSearchModule:UnityEditor.Search:ASIAI0B
Importing 'GUID: 7e006510f5f4425ca971c7de0bfbb77a - Path: Packages/com.unity.multiplayer.center/Editor/MultiplayerCenterWindow/MultiplayerCenterWindow.cs - Importer: ScriptedImporter/UnityEditor.QuickSearchModule:UnityEditor.Search:ASIAI0B' with importer (ScriptedImporter : UnityEditor.QuickSearchModule:UnityEditor.Search:ASIAI0B)
Imported 'GUID: 7e006510f5f4425ca971c7de0bfbb77a' -> (Import Result ID: '382da586437a0a948bf144f4dda990ef') in 0.002 seconds [static and dynamic dependencies]. Details - ImportResultOutputID=b27cfa91fe0518b836dbb3a19727b6f3 DependenciesID=bc13ea5c9e7dcb473ebcc65be43de8de StaticDependenciesID=3d9824687e6b8fb4c476245560678a0b 
Number of updated asset objects reloaded before import = 0
Number of asset objects unloaded after import = 0
========================================================================
Received Import Request.
  Time of request: 2026-10-05T20:39:55.9206521Z
  Time since last request: 0.0002432 seconds.
  importAddress: GUID: fdefed6b790f4373b0feb7d25854d8ac - Path: Packages/com.unity.multiplayer.center/Editor/MultiplayerCenterWindow/TabGroup.cs - Importer: ScriptedImporter/UnityEditor.QuickSearchModule:UnityEditor.Search:ASIAI0B
Importing 'GUID: fdefed6b790f4373b0feb7d25854d8ac - Path: Packages/com.unity.multiplayer.center/Editor/MultiplayerCenterWindow/TabGroup.cs - Importer: ScriptedImporter/UnityEditor.QuickSearchModule:UnityEditor.Search:ASIAI0B' with importer (ScriptedImporter : UnityEditor.QuickSearchModule:UnityEditor.Search:ASIAI0B)
Imported 'GUID: fdefed6b790f4373b0feb7d25854d8ac' -> (Import Result ID: '3f735abe594f5b553c80b0318a88e38e') in 0.005 seconds [static and dynamic dependencies]. Details - ImportResultOutputID=8aaf3c333756678ac567352dbbe64e58 DependenciesID=8ec8ad1a2235ac93153e4ccda2c33790 StaticDependenciesID=06c14151fc85da36fc200e81b484518a 
Number of updated asset objects reloaded before import = 0
Number of asset objects unloaded after import = 0
========================================================================
Received Import Request.
  Time of request: 2026-10-05T20:39:55.9259323Z
  Time since last request: 0.0003235 seconds.
  importAddress: GUID: 92a378669877c05c6071d0fed687bb95 - Path: Packages/com.unity.modules.tilemap/package.json - Importer: ScriptedImporter/UnityEditor.QuickSearchModule:UnityEditor.Search:ASIAI0B
Importing 'GUID: 92a378669877c05c6071d0fed687bb95 - Path: Packages/com.unity.modules.tilemap/package.json - Importer: ScriptedImporter/UnityEditor.QuickSearchModule:UnityEditor.Search:ASIAI0B' with importer (ScriptedImporter : UnityEditor.QuickSearchModule:UnityEditor.Search:ASIAI0B)
Imported 'GUID: 92a378669877c05c6071d0fed687bb95' -> (Import Result ID: '1cd67b75712d783e269b3036d358bc75') in 0.008 seconds [static and dynamic dependencies]. Details - ImportResultOutputID=5cb176db45149c480803f21d87d430b1 DependenciesID=d143917abfed2b763dcea01b195ccf9c StaticDependenciesID=acc6563d362951178245b08d3f9d82ae 
Number of updated asset objects reloaded before import = 0
Number of asset objects unloaded after import = 1
========================================================================
Received Import Request.
  Time of request: 2026-10-05T20:39:55.9473785Z
  Time since last request: 0.0136982 seconds.
  importAddress: GUID: 157e1606dfbd48dda6f01acbf49435b0 - Path: Packages/com.unity.multiplayer.center/Editor/MultiplayerCenterWindow/UI/QuestionSection.cs - Importer: ScriptedImporter/UnityEditor.QuickSearchModule:UnityEditor.Search:ASIAI0B
Importing 'GUID: 157e1606dfbd48dda6f01acbf49435b0 - Path: Packages/com.unity.multiplayer.center/Editor/MultiplayerCenterWindow/UI/QuestionSection.cs - Importer: ScriptedImporter/UnityEditor.QuickSearchModule:UnityEditor.Search:ASIAI0B' with importer (ScriptedImporter : UnityEditor.QuickSearchModule:UnityEditor.Search:ASIAI0B)
Imported 'GUID: 157e1606dfbd48dda6f01acbf49435b0' -> (Import Result ID: '1c81573e00b0342629679952711ab367') in 0.005 seconds [static and dynamic dependencies]. Details - ImportResultOutputID=f1236bee59dc71f8e792e30a492f02a7 DependenciesID=056628ff52856f35885e9d72eaad8d40 StaticDependenciesID=af4b3f2c0b3a3fb8512fe985b05e4e6e 
Number of updated asset objects reloaded before import = 0
Number of asset objects unloaded after import = 0
========================================================================
Received Import Request.
  Time of request: 2026-10-05T20:39:55.9533809Z
  Time since last request: 0.0003432 seconds.
  importAddress: GUID: 525a6cca8dd9a4d28875a8fe824710d9 - Path: Packages/com.unity.multiplayer.center/Editor/MultiplayerCenterWindow/UI/Icons/d_Package.png - Importer: ScriptedImporter/UnityEditor.QuickSearchModule:UnityEditor.Search:ASIAI0B
Importing 'GUID: 525a6cca8dd9a4d28875a8fe824710d9 - Path: Packages/com.unity.multiplayer.center/Editor/MultiplayerCenterWindow/UI/Icons/d_Package.png - Importer: ScriptedImporter/UnityEditor.QuickSearchModule:UnityEditor.Search:ASIAI0B' with importer (ScriptedImporter : UnityEditor.QuickSearchModule:UnityEditor.Search:ASIAI0B)
Imported 'GUID: 525a6cca8dd9a4d28875a8fe824710d9' -> (Import Result ID: '783ef9e5a40d8d9b3ca6abd4ae946334') in 0.036 seconds [static and dynamic dependencies]. Details - ImportResultOutputID=6835e7a9babc30f4fdc7b6fcb8283ad5 DependenciesID=897d635fd5054625c92b2367ae2be3f3 StaticDependenciesID=5416d9e8c5a79c4b56b91b3e674d8e70 
Number of updated asset objects reloaded before import = 0
Number of asset objects unloaded after import = 1
========================================================================
Received Import Request.
  Time of request: 2026-10-05T20:39:55.9898716Z
  Time since last request: 0.000402 seconds.
  importAddress: GUID: ca560c7d2a0d4453a50ec4f704ce9ce1 - Path: Packages/com.unity.multiplayer.center/Tests/Editor/UtilsForRecommendationTests.cs - Importer: ScriptedImporter/UnityEditor.QuickSearchModule:UnityEditor.Search:ASIAI0B
Importing 'GUID: ca560c7d2a0d4453a50ec4f704ce9ce1 - Path: Packages/com.unity.multiplayer.center/Tests/Editor/UtilsForRecommendationTests.cs - Importer: ScriptedImporter/UnityEditor.QuickSearchModule:UnityEditor.Search:ASIAI0B' with importer (ScriptedImporter : UnityEditor.QuickSearchModule:UnityEditor.Search:ASIAI0B)
Imported 'GUID: ca560c7d2a0d4453a50ec4f704ce9ce1' -> (Import Result ID: '2993967148ae124d2d97505ad1f7f84c') in 0.006 seconds [static and dynamic dependencies]. Details - ImportResultOutputID=749e61fde4446b5ddfc43910042b4f47 DependenciesID=6acabeacb907df50eb9a060c587465f4 StaticDependenciesID=e4f2ccba2207b69255a053f0202c5752 
Number of updated asset objects reloaded before import = 0
Number of asset objects unloaded after import = 0
========================================================================
Received Import Request.
  Time of request: 2026-10-05T20:39:55.9965463Z
  Time since last request: 0.0003241 seconds.
  importAddress: GUID: 29cbd1c6a8c9419aac357b8d4edbdc84 - Path: Packages/com.unity.multiplayer.center/Tests/Editor/QuickstartTabTests.cs - Importer: ScriptedImporter/UnityEditor.QuickSearchModule:UnityEditor.Search:ASIAI0B
Importing 'GUID: 29cbd1c6a8c9419aac357b8d4edbdc84 - Path: Packages/com.unity.multiplayer.center/Tests/Editor/QuickstartTabTests.cs - Importer: ScriptedImporter/UnityEditor.QuickSearchModule:UnityEditor.Search:ASIAI0B' with importer (ScriptedImporter : UnityEditor.QuickSearchModule:UnityEditor.Search:ASIAI0B)
Imported 'GUID: 29cbd1c6a8c9419aac357b8d4edbdc84' -> (Import Result ID: '75fda19f541d7774270d1ba452fc8155') in 0.004 seconds [static and dynamic dependencies]. Details - ImportResultOutputID=3eadbd43d235da2124bbe75b07e5a2aa DependenciesID=a2f5404025c493a564b608101b6badf0 StaticDependenciesID=060226aabb1b95db40d469f3b0a455c0 
Number of updated asset objects reloaded before import = 0
Number of asset objects unloaded after import = 0
========================================================================
Received Import Request.
  Time of request: 2026-10-05T20:39:56.0011263Z
  Time since last request: 0.0002522 seconds.
  importAddress: GUID: 3595bcaa1af84e6d92e07f0258a4256c - Path: Packages/com.unity.multiplayer.center/Editor/Questionnaire/PresetData.cs - Importer: ScriptedImporter/UnityEditor.QuickSearchModule:UnityEditor.Search:ASIAI0B
Importing 'GUID: 3595bcaa1af84e6d92e07f0258a4256c - Path: Packages/com.unity.multiplayer.center/Editor/Questionnaire/PresetData.cs - Importer: ScriptedImporter/UnityEditor.QuickSearchModule:UnityEditor.Search:ASIAI0B' with importer (ScriptedImporter : UnityEditor.QuickSearchModule:UnityEditor.Search:ASIAI0B)
Imported 'GUID: 3595bcaa1af84e6d92e07f0258a4256c' -> (Import Result ID: 'd2b045d2baceacef54a882394dad0612') in 0.004 seconds [static and dynamic dependencies]. Details - ImportResultOutputID=f42aaa10c0e268fd0b2c0341b34eb39e DependenciesID=75cfad5770a41261c98b8ec0b5be0393 StaticDependenciesID=e71e4c4cf145ef263e2c8be2f187723e 
Number of updated asset objects reloaded before import = 0
Number of asset objects unloaded after import = 0
========================================================================
Received Import Request.
  Time of request: 2026-10-05T20:39:56.0050326Z
  Time since last request: 0.0002568 seconds.
  importAddress: GUID: dab91f148d99946e7b3c3a87ecf4b973 - Path: Packages/com.unity.multiplayer.center/Editor/MultiplayerCenterWindow/UI/Icons/d_Loading.png - Importer: ScriptedImporter/UnityEditor.QuickSearchModule:UnityEditor.Search:ASIAI0B
Importing 'GUID: dab91f148d99946e7b3c3a87ecf4b973 - Path: Packages/com.unity.multiplayer.center/Editor/MultiplayerCenterWindow/UI/Icons/d_Loading.png - Importer: ScriptedImporter/UnityEditor.QuickSearchModule:UnityEditor.Search:ASIAI0B' with importer (ScriptedImporter : UnityEditor.QuickSearchModule:UnityEditor.Search:ASIAI0B)
Imported 'GUID: dab91f148d99946e7b3c3a87ecf4b973' -> (Import Result ID: '24ced34544186f3f91befac0266e0df9') in 0.012 seconds [static and dynamic dependencies]. Details - ImportResultOutputID=4c4cc7eafe949bc7ef3dce508a1074e7 DependenciesID=2d0040cd99bbc0ff7936ca08969125fd StaticDependenciesID=b84a22c4832dacdd71eed3dfb7c871ec 
Number of updated asset objects reloaded before import = 0
Number of asset objects unloaded after import = 1
========================================================================
Received Import Request.
  Time of request: 2026-10-05T20:39:56.0172367Z
  Time since last request: 0.0002833 seconds.
  importAddress: GUID: cfc5ccd4416341629caf73dd3e318aac - Path: Packages/com.unity.multiplayer.center/Tests/Editor/UtilsForMultiplayerCenterTests.cs - Importer: ScriptedImporter/UnityEditor.QuickSearchModule:UnityEditor.Search:ASIAI0B
Importing 'GUID: cfc5ccd4416341629caf73dd3e318aac - Path: Packages/com.unity.multiplayer.center/Tests/Editor/UtilsForMultiplayerCenterTests.cs - Importer: ScriptedImporter/UnityEditor.QuickSearchModule:UnityEditor.Search:ASIAI0B' with importer (ScriptedImporter : UnityEditor.QuickSearchModule:UnityEditor.Search:ASIAI0B)
Imported 'GUID: cfc5ccd4416341629caf73dd3e318aac' -> (Import Result ID: '475fc0b7365953fb0845b976be1a622c') in 0.002 seconds [static and dynamic dependencies]. Details - ImportResultOutputID=3c45cdaaaef4bd7a71911d4e1df015d4 DependenciesID=3f7605b6412b86d01d59735ba6505d03 StaticDependenciesID=dac61df37a439b648e59adc00f7cdbb5 
Number of updated asset objects reloaded before import = 0
Number of asset objects unloaded after import = 0
========================================================================
Received Import Request.
  Time of request: 2026-10-05T20:39:56.0200088Z
  Time since last request: 0.0002556 seconds.
  importAddress: GUID: 1c3db2c484234a94a19c3acdc2539575 - Path: Packages/com.unity.multiplayer.center/Editor/MultiplayerCenterWindow/UI/StyleClasses.cs - Importer: ScriptedImporter/UnityEditor.QuickSearchModule:UnityEditor.Search:ASIAI0B
Importing 'GUID: 1c3db2c484234a94a19c3acdc2539575 - Path: Packages/com.unity.multiplayer.center/Editor/MultiplayerCenterWindow/UI/StyleClasses.cs - Importer: ScriptedImporter/UnityEditor.QuickSearchModule:UnityEditor.Search:ASIAI0B' with importer (ScriptedImporter : UnityEditor.QuickSearchModule:UnityEditor.Search:ASIAI0B)
Imported 'GUID: 1c3db2c484234a94a19c3acdc2539575' -> (Import Result ID: 'ca1ba47fd9f2065d002802d941f7ba79') in 0.007 seconds [static and dynamic dependencies]. Details - ImportResultOutputID=138b280d50256990421c98d9db8001d4 DependenciesID=1e66f830b0c6a95c256469ca2a58de05 StaticDependenciesID=d49dca268ef0570a53ce51e89d356846 
Number of updated asset objects reloaded before import = 0
Number of asset objects unloaded after import = 0
========================================================================
Received Import Request.
  Time of request: 2026-10-05T20:39:56.0270325Z
  Time since last request: 0.000307 seconds.
  importAddress: GUID: ad1d29f4654194951a3c8bf507914d05 - Path: Packages/com.unity.multiplayer.center/Editor/MultiplayerCenterWindow/UI/Icons/CloudCode.png - Importer: ScriptedImporter/UnityEditor.QuickSearchModule:UnityEditor.Search:ASIAI0B
Importing 'GUID: ad1d29f4654194951a3c8bf507914d05 - Path: Packages/com.unity.multiplayer.center/Editor/MultiplayerCenterWindow/UI/Icons/CloudCode.png - Importer: ScriptedImporter/UnityEditor.QuickSearchModule:UnityEditor.Search:ASIAI0B' with importer (ScriptedImporter : UnityEditor.QuickSearchModule:UnityEditor.Search:ASIAI0B)
Imported 'GUID: ad1d29f4654194951a3c8bf507914d05' -> (Import Result ID: '28bf6329c0af031a8ef456913d50ed70') in 0.007 seconds [static and dynamic dependencies]. Details - ImportResultOutputID=61d3e60a80f4e08c32dec381672d4536 DependenciesID=62c451b92f1f10ea0bd9be2261a33cb7 StaticDependenciesID=ae7c9fcbc9de3a7d130f2b0db04bab73 
Number of updated asset objects reloaded before import = 0
Number of asset objects unloaded after import = 1
========================================================================
Received Import Request.
  Time of request: 2026-10-05T20:39:56.0347672Z
  Time since last request: 0.0002655 seconds.
  importAddress: GUID: f1ac2efb1bcd4dfd95dc196ed3c11367 - Path: Packages/com.unity.multiplayer.center/Editor/MultiplayerCenterWindow/UI/light.uss - Importer: ScriptedImporter/UnityEditor.QuickSearchModule:UnityEditor.Search:ASIAI0B
Importing 'GUID: f1ac2efb1bcd4dfd95dc196ed3c11367 - Path: Packages/com.unity.multiplayer.center/Editor/MultiplayerCenterWindow/UI/light.uss - Importer: ScriptedImporter/UnityEditor.QuickSearchModule:UnityEditor.Search:ASIAI0B' with importer (ScriptedImporter : UnityEditor.QuickSearchModule:UnityEditor.Search:ASIAI0B)
Imported 'GUID: f1ac2efb1bcd4dfd95dc196ed3c11367' -> (Import Result ID: 'c06ea24156f60e6ca3315aae66322bda') in 0.039 seconds [static and dynamic dependencies]. Details - ImportResultOutputID=46b930e77b830b68e211d8c8cf82d12b DependenciesID=32bcff93f60bf8945d313214568afa5a StaticDependenciesID=806bc33f314561b6300cbfa7d015196d 
Number of updated asset objects reloaded before import = 0
Number of asset objects unloaded after import = 9
========================================================================
Received Import Request.
  Time of request: 2026-10-05T20:39:56.0749269Z
  Time since last request: 0.0000191 seconds.
  importAddress: GUID: d7711b0cc806d430b8a95f1e33ec3649 - Path: Packages/com.unity.multiplayer.center/Editor/MultiplayerCenterWindow/UI/Icons/CustomNetcode@2x.png - Importer: ScriptedImporter/UnityEditor.QuickSearchModule:UnityEditor.Search:ASIAI0B
Importing 'GUID: d7711b0cc806d430b8a95f1e33ec3649 - Path: Packages/com.unity.multiplayer.center/Editor/MultiplayerCenterWindow/UI/Icons/CustomNetcode@2x.png - Importer: ScriptedImporter/UnityEditor.QuickSearchModule:UnityEditor.Search:ASIAI0B' with importer (ScriptedImporter : UnityEditor.QuickSearchModule:UnityEditor.Search:ASIAI0B)
Imported 'GUID: d7711b0cc806d430b8a95f1e33ec3649' -> (Import Result ID: 'c6f4ee8fdac4e041fc6250cea38b5ff6') in 0.009 seconds [static and dynamic dependencies]. Details - ImportResultOutputID=18d36e0f0fd28cdf7140363dfc3f99df DependenciesID=b209ec864ebb2467cf38a2220d9b252b StaticDependenciesID=0b8c1015639ea8980a270defd400fd4e 
Number of updated asset objects reloaded before import = 0
Number of asset objects unloaded after import = 1
========================================================================
Received Import Request.
  Time of request: 2026-10-05T20:39:56.0845151Z
  Time since last request: 0.0002861 seconds.
  importAddress: GUID: 7ca5cd79ef39442e599efb761abcbaac - Path: Packages/com.unity.multiplayer.center/Editor/Questionnaire/QuestionnaireData.cs - Importer: ScriptedImporter/UnityEditor.QuickSearchModule:UnityEditor.Search:ASIAI0B
Importing 'GUID: 7ca5cd79ef39442e599efb761abcbaac - Path: Packages/com.unity.multiplayer.center/Editor/Questionnaire/QuestionnaireData.cs - Importer: ScriptedImporter/UnityEditor.QuickSearchModule:UnityEditor.Search:ASIAI0B' with importer (ScriptedImporter : UnityEditor.QuickSearchModule:UnityEditor.Search:ASIAI0B)
Imported 'GUID: 7ca5cd79ef39442e599efb761abcbaac' -> (Import Result ID: 'a8ec47b13f6e5c7efd0750a35adb15cf') in 0.006 seconds [static and dynamic dependencies]. Details - ImportResultOutputID=c88f66bf11e36ef172f593c0d7dc2721 DependenciesID=a3c397b4693f1bfe88de437d0f10c0d8 StaticDependenciesID=22fa696a30b9c7a1bd9c0dd16f55e102 
Number of updated asset objects reloaded before import = 0
Number of asset objects unloaded after import = 0
========================================================================
Received Import Request.
  Time of request: 2026-10-05T20:39:56.0907916Z
  Time since last request: 0.0002674 seconds.
  importAddress: GUID: 787ec048daec145b580d1134da5dd278 - Path: Packages/com.unity.multiplayer.center/Tests/Editor/Unity.Multiplayer.Center.Editor.Tests.asmdef - Importer: ScriptedImporter/UnityEditor.QuickSearchModule:UnityEditor.Search:ASIAI0B
Importing 'GUID: 787ec048daec145b580d1134da5dd278 - Path: Packages/com.unity.multiplayer.center/Tests/Editor/Unity.Multiplayer.Center.Editor.Tests.asmdef - Importer: ScriptedImporter/UnityEditor.QuickSearchModule:UnityEditor.Search:ASIAI0B' with importer (ScriptedImporter : UnityEditor.QuickSearchModule:UnityEditor.Search:ASIAI0B)
Imported 'GUID: 787ec048daec145b580d1134da5dd278' -> (Import Result ID: '6b80ae825c9029b4823575914532497e') in 0.006 seconds [static and dynamic dependencies]. Details - ImportResultOutputID=26d4b1a6889bdd666ca46dd1fdd546dd DependenciesID=b24c2b5a49b5010ccb7df5f0a499e575 StaticDependenciesID=25314c36d743a9beda94775f785469ad 
Number of updated asset objects reloaded before import = 0
Number of asset objects unloaded after import = 1
========================================================================
Received Import Request.
  Time of request: 2026-10-05T20:39:56.0974076Z
  Time since last request: 0.0002874 seconds.
  importAddress: GUID: c2c1cf24bea5410ea530b2c8a875b293 - Path: Packages/com.unity.multiplayer.center/Tests/Editor/AnalyticsUtilsTests.cs - Importer: ScriptedImporter/UnityEditor.QuickSearchModule:UnityEditor.Search:ASIAI0B
Importing 'GUID: c2c1cf24bea5410ea530b2c8a875b293 - Path: Packages/com.unity.multiplayer.center/Tests/Editor/AnalyticsUtilsTests.cs - Importer: ScriptedImporter/UnityEditor.QuickSearchModule:UnityEditor.Search:ASIAI0B' with importer (ScriptedImporter : UnityEditor.QuickSearchModule:UnityEditor.Search:ASIAI0B)
Imported 'GUID: c2c1cf24bea5410ea530b2c8a875b293' -> (Import Result ID: '41208dc5d0e9e133a899b3da01268eaa') in 0.006 seconds [static and dynamic dependencies]. Details - ImportResultOutputID=a5eb3384e6ee29547b4bb310c148dc66 DependenciesID=caa37d15364da4f5a4051360d99747ee StaticDependenciesID=445335c174321691166478aa12c74272 
Number of updated asset objects reloaded before import = 0
Number of asset objects unloaded after import = 0
========================================================================
Received Import Request.
  Time of request: 2026-10-05T20:39:56.103853Z
  Time since last request: 0.0002811 seconds.
  importAddress: GUID: 0d9328c739784454ad03d404f395a0ab - Path: Packages/com.unity.multiplayer.center/Editor/MultiplayerCenterWindow/UI/ViewUtils.cs - Importer: ScriptedImporter/UnityEditor.QuickSearchModule:UnityEditor.Search:ASIAI0B
Importing 'GUID: 0d9328c739784454ad03d404f395a0ab - Path: Packages/com.unity.multiplayer.center/Editor/MultiplayerCenterWindow/UI/ViewUtils.cs - Importer: ScriptedImporter/UnityEditor.QuickSearchModule:UnityEditor.Search:ASIAI0B' with importer (ScriptedImporter : UnityEditor.QuickSearchModule:UnityEditor.Search:ASIAI0B)
Imported 'GUID: 0d9328c739784454ad03d404f395a0ab' -> (Import Result ID: '365eea2480f9f1ecddb84d8d9a1025cd') in 0.005 seconds [static and dynamic dependencies]. Details - ImportResultOutputID=83f0e137989e84c9eac7ff333ae75ed3 DependenciesID=8a40d6cb17c552b6e35a6a3afd713781 StaticDependenciesID=5521d5118a6d6a726b18b4ae801a5723 
Number of updated asset objects reloaded before import = 0
Number of asset objects unloaded after import = 0
========================================================================
Received Import Request.
  Time of request: 2026-10-05T20:39:56.109704Z
  Time since last request: 0.0003226 seconds.
  importAddress: GUID: 36b51591e13f48b5bed734724d149fb4 - Path: Packages/com.unity.multiplayer.center/Tests/Editor/RecommendationAnalyticsTests.cs - Importer: ScriptedImporter/UnityEditor.QuickSearchModule:UnityEditor.Search:ASIAI0B
Importing 'GUID: 36b51591e13f48b5bed734724d149fb4 - Path: Packages/com.unity.multiplayer.center/Tests/Editor/RecommendationAnalyticsTests.cs - Importer: ScriptedImporter/UnityEditor.QuickSearchModule:UnityEditor.Search:ASIAI0B' with importer (ScriptedImporter : UnityEditor.QuickSearchModule:UnityEditor.Search:ASIAI0B)
Imported 'GUID: 36b51591e13f48b5bed734724d149fb4' -> (Import Result ID: '0338c36a713cc0d1a2f1c6a50fc81b9e') in 0.006 seconds [static and dynamic dependencies]. Details - ImportResultOutputID=f620d294475b76fdcdea437fbb3b2e41 DependenciesID=678ed06bcc263199f27283429a9fc6fe StaticDependenciesID=756beac7a427fca221b2666288d6f984 
Number of updated asset objects reloaded before import = 0
Number of asset objects unloaded after import = 0
========================================================================
Received Import Request.
  Time of request: 2026-10-05T20:39:56.1157294Z
  Time since last request: 0.0003268 seconds.
  importAddress: GUID: 8110dd6ddbc04e58b50978562ce0c00a - Path: Packages/com.unity.multiplayer.center/Tests/Editor/ExpectedPresetRecommendations.cs - Importer: ScriptedImporter/UnityEditor.QuickSearchModule:UnityEditor.Search:ASIAI0B
Importing 'GUID: 8110dd6ddbc04e58b50978562ce0c00a - Path: Packages/com.unity.multiplayer.center/Tests/Editor/ExpectedPresetRecommendations.cs - Importer: ScriptedImporter/UnityEditor.QuickSearchModule:UnityEditor.Search:ASIAI0B' with importer (ScriptedImporter : UnityEditor.QuickSearchModule:UnityEditor.Search:ASIAI0B)
Imported 'GUID: 8110dd6ddbc04e58b50978562ce0c00a' -> (Import Result ID: '451402a876b967745f546b0ca7bf7588') in 0.004 seconds [static and dynamic dependencies]. Details - ImportResultOutputID=a87f8d12655bd807eca1f41d36db44e2 DependenciesID=e8a6a8bbc6d64c88f26578a6bf55dcf0 StaticDependenciesID=1b138c7ee3c8c02c1eac148786fee248 
Number of updated asset objects reloaded before import = 0
Number of asset objects unloaded after import = 0
========================================================================
Received Import Request.
  Time of request: 2026-10-05T20:39:56.120456Z
  Time since last request: 0.0002912 seconds.
  importAddress: GUID: 1b4c88814ec6241eb8e327515399c006 - Path: Packages/com.unity.multiplayer.center/Editor/MultiplayerCenterWindow/UI/Icons/d_PackageManager.png - Importer: ScriptedImporter/UnityEditor.QuickSearchModule:UnityEditor.Search:ASIAI0B
Importing 'GUID: 1b4c88814ec6241eb8e327515399c006 - Path: Packages/com.unity.multiplayer.center/Editor/MultiplayerCenterWindow/UI/Icons/d_PackageManager.png - Importer: ScriptedImporter/UnityEditor.QuickSearchModule:UnityEditor.Search:ASIAI0B' with importer (ScriptedImporter : UnityEditor.QuickSearchModule:UnityEditor.Search:ASIAI0B)
Imported 'GUID: 1b4c88814ec6241eb8e327515399c006' -> (Import Result ID: '6708a847e2d3e259b504154028f4c995') in 0.009 seconds [static and dynamic dependencies]. Details - ImportResultOutputID=5c0e4d5c4233dc8ed14b8f70ae8701aa DependenciesID=ead63c8dd94e5a853fd7e4a17cd544bc StaticDependenciesID=9b396abe1c6c924b8ea5b283d190410c 
Number of updated asset objects reloaded before import = 0
Number of asset objects unloaded after import = 1
========================================================================
Received Import Request.
  Time of request: 2026-10-05T20:39:56.1304077Z
  Time since last request: 0.0002519 seconds.
  importAddress: GUID: 6cfa81557736450abfb73264580451c1 - Path: Packages/com.unity.multiplayer.center/Tests/Editor/SectionHeaderTests.cs - Importer: ScriptedImporter/UnityEditor.QuickSearchModule:UnityEditor.Search:ASIAI0B
Importing 'GUID: 6cfa81557736450abfb73264580451c1 - Path: Packages/com.unity.multiplayer.center/Tests/Editor/SectionHeaderTests.cs - Importer: ScriptedImporter/UnityEditor.QuickSearchModule:UnityEditor.Search:ASIAI0B' with importer (ScriptedImporter : UnityEditor.QuickSearchModule:UnityEditor.Search:ASIAI0B)
Imported 'GUID: 6cfa81557736450abfb73264580451c1' -> (Import Result ID: '658c9064650e51fb45ba2ef3cd32654c') in 0.003 seconds [static and dynamic dependencies]. Details - ImportResultOutputID=87a375d9e8767d6acf3d55a3f2b98697 DependenciesID=b0277ef50b57384ee4ac6d93b337e36c StaticDependenciesID=01806152f21939cd5ef603e79eb96f09 
Number of updated asset objects reloaded before import = 0
Number of asset objects unloaded after import = 0
========================================================================
Received Import Request.
  Time of request: 2026-10-05T20:39:56.1343191Z
  Time since last request: 0.0002641 seconds.
  importAddress: GUID: 52a77c59214a4cb5a43fc7b0e097d832 - Path: Packages/com.unity.multiplayer.center/Editor/Recommendations/RecommendationUtils.cs - Importer: ScriptedImporter/UnityEditor.QuickSearchModule:UnityEditor.Search:ASIAI0B
Importing 'GUID: 52a77c59214a4cb5a43fc7b0e097d832 - Path: Packages/com.unity.multiplayer.center/Editor/Recommendations/RecommendationUtils.cs - Importer: ScriptedImporter/UnityEditor.QuickSearchModule:UnityEditor.Search:ASIAI0B' with importer (ScriptedImporter : UnityEditor.QuickSearchModule:UnityEditor.Search:ASIAI0B)
Imported 'GUID: 52a77c59214a4cb5a43fc7b0e097d832' -> (Import Result ID: 'a44ebcbb2159e1e824f80ae1975c006f') in 0.003 seconds [static and dynamic dependencies]. Details - ImportResultOutputID=0cb3c976024747f15e4c07652d18c76d DependenciesID=acbcd6180c5d38574c7991523c330f63 StaticDependenciesID=d2546d9735df8b25c202e90b0731bf01 
Number of updated asset objects reloaded before import = 0
Number of asset objects unloaded after import = 0
========================================================================
Received Import Request.
  Time of request: 2026-10-05T20:39:56.1377179Z
  Time since last request: 0.0002662 seconds.
  importAddress: GUID: c3d3226643b94888b02e25de0a9de55f - Path: Packages/com.unity.multiplayer.center/Tests/Editor/UserVisibleTextTests.cs - Importer: ScriptedImporter/UnityEditor.QuickSearchModule:UnityEditor.Search:ASIAI0B
Importing 'GUID: c3d3226643b94888b02e25de0a9de55f - Path: Packages/com.unity.multiplayer.center/Tests/Editor/UserVisibleTextTests.cs - Importer: ScriptedImporter/UnityEditor.QuickSearchModule:UnityEditor.Search:ASIAI0B' with importer (ScriptedImporter : UnityEditor.QuickSearchModule:UnityEditor.Search:ASIAI0B)
Imported 'GUID: c3d3226643b94888b02e25de0a9de55f' -> (Import Result ID: '01e9768b30319342f9d0356472a25779') in 0.002 seconds [static and dynamic dependencies]. Details - ImportResultOutputID=4a3372853f3de5652aef1bab9bd504d4 DependenciesID=75721636b660d5b6881b952c9df2fbb8 StaticDependenciesID=d7da8d4842cb39b88ea2ac0bada9e21f 
Number of updated asset objects reloaded before import = 0
Number of asset objects unloaded after import = 0
========================================================================
Received Import Request.
  Time of request: 2026-10-05T20:39:56.1405856Z
  Time since last request: 0.0002682 seconds.
  importAddress: GUID: a1c995459c0d418c88dd274e04840c5d - Path: Packages/com.unity.multiplayer.center/Editor/Recommendations/RecommenderSystem.cs - Importer: ScriptedImporter/UnityEditor.QuickSearchModule:UnityEditor.Search:ASIAI0B
Importing 'GUID: a1c995459c0d418c88dd274e04840c5d - Path: Packages/com.unity.multiplayer.center/Editor/Recommendations/RecommenderSystem.cs - Importer: ScriptedImporter/UnityEditor.QuickSearchModule:UnityEditor.Search:ASIAI0B' with importer (ScriptedImporter : UnityEditor.QuickSearchModule:UnityEditor.Search:ASIAI0B)
Imported 'GUID: a1c995459c0d418c88dd274e04840c5d' -> (Import Result ID: '1f8142301133b629dd0a7517f441f927') in 0.006 seconds [static and dynamic dependencies]. Details - ImportResultOutputID=30ea99df2bce1a784a9c7fc917e507ed DependenciesID=93bed4561f160741a4ba82c90b878721 StaticDependenciesID=b5ef067d75e93811e6ea941a1b3ce461 
Number of updated asset objects reloaded before import = 0
Number of asset objects unloaded after import = 0
========================================================================
Received Import Request.
  Time of request: 2026-10-05T20:39:56.1468341Z
  Time since last request: 0.0003006 seconds.
  importAddress: GUID: e4439b4b4bb24a5eb61c59c5a67aa5a0 - Path: Packages/com.unity.multiplayer.center/Editor/MultiplayerCenterWindow/UI/QuestionViewFactory.cs - Importer: ScriptedImporter/UnityEditor.QuickSearchModule:UnityEditor.Search:ASIAI0B
Importing 'GUID: e4439b4b4bb24a5eb61c59c5a67aa5a0 - Path: Packages/com.unity.multiplayer.center/Editor/MultiplayerCenterWindow/UI/QuestionViewFactory.cs - Importer: ScriptedImporter/UnityEditor.QuickSearchModule:UnityEditor.Search:ASIAI0B' with importer (ScriptedImporter : UnityEditor.QuickSearchModule:UnityEditor.Search:ASIAI0B)
Imported 'GUID: e4439b4b4bb24a5eb61c59c5a67aa5a0' -> (Import Result ID: '9cd7aa9e406fba6ccec8257460fe0164') in 0.005 seconds [static and dynamic dependencies]. Details - ImportResultOutputID=84218d66e096c0f93044f1b9294bdd65 DependenciesID=a47c1e6227d10336b727da1c250fb09c StaticDependenciesID=2f7a3fe5059dbafe349746b2832934ef 
Number of updated asset objects reloaded before import = 0
Number of asset objects unloaded after import = 0
========================================================================
Received Import Request.
  Time of request: 2026-10-05T20:39:56.1523684Z
  Time since last request: 0.000342 seconds.
  importAddress: GUID: 38b78df4a34c94fa6a52c90239606ff1 - Path: Packages/com.unity.multiplayer.center/Editor/MultiplayerCenterWindow/UI/Icons/DedicatedServer@2x.png - Importer: ScriptedImporter/UnityEditor.QuickSearchModule:UnityEditor.Search:ASIAI0B
Importing 'GUID: 38b78df4a34c94fa6a52c90239606ff1 - Path: Packages/com.unity.multiplayer.center/Editor/MultiplayerCenterWindow/UI/Icons/DedicatedServer@2x.png - Importer: ScriptedImporter/UnityEditor.QuickSearchModule:UnityEditor.Search:ASIAI0B' with importer (ScriptedImporter : UnityEditor.QuickSearchModule:UnityEditor.Search:ASIAI0B)
Imported 'GUID: 38b78df4a34c94fa6a52c90239606ff1' -> (Import Result ID: 'b0dec6634cc4358c4c131aecfd94b670') in 0.007 seconds [static and dynamic dependencies]. Details - ImportResultOutputID=29055978a5190c7d6ef2191ab7311573 DependenciesID=53edcb8dc44447f82173ea783995fc01 StaticDependenciesID=e345b03449aad8d6c621b448430e0547 
Number of updated asset objects reloaded before import = 0
Number of asset objects unloaded after import = 1
========================================================================
Received Import Request.
  Time of request: 2026-10-05T20:39:56.1596385Z
  Time since last request: 0.0002719 seconds.
  importAddress: GUID: 0ddc3b8a12c84454b04e4d6bdd88241c - Path: Packages/com.unity.multiplayer.center/Editor/Recommendations/RecommendationViewData.cs - Importer: ScriptedImporter/UnityEditor.QuickSearchModule:UnityEditor.Search:ASIAI0B
Importing 'GUID: 0ddc3b8a12c84454b04e4d6bdd88241c - Path: Packages/com.unity.multiplayer.center/Editor/Recommendations/RecommendationViewData.cs - Importer: ScriptedImporter/UnityEditor.QuickSearchModule:UnityEditor.Search:ASIAI0B' with importer (ScriptedImporter : UnityEditor.QuickSearchModule:UnityEditor.Search:ASIAI0B)
Imported 'GUID: 0ddc3b8a12c84454b04e4d6bdd88241c' -> (Import Result ID: 'd488765972d8cd02db8a6f7941f2074b') in 0.006 seconds [static and dynamic dependencies]. Details - ImportResultOutputID=887fb34172e4463ec4f853d750907291 DependenciesID=313bcdd783916e37ccb2c610166661ba StaticDependenciesID=7b088d5abd726ff122ba338f0ecf76c6 
Number of updated asset objects reloaded before import = 0
Number of asset objects unloaded after import = 0
========================================================================
Received Import Request.
  Time of request: 2026-10-05T20:39:56.1657454Z
  Time since last request: 0.0002611 seconds.
  importAddress: GUID: a23c0dd570fd44b57a03a8880002fcca - Path: Packages/com.unity.multiplayer.center/Editor/MultiplayerCenterWindow/UI/Icons/CloudCode@2x.png - Importer: ScriptedImporter/UnityEditor.QuickSearchModule:UnityEditor.Search:ASIAI0B
Importing 'GUID: a23c0dd570fd44b57a03a8880002fcca - Path: Packages/com.unity.multiplayer.center/Editor/MultiplayerCenterWindow/UI/Icons/CloudCode@2x.png - Importer: ScriptedImporter/UnityEditor.QuickSearchModule:UnityEditor.Search:ASIAI0B' with importer (ScriptedImporter : UnityEditor.QuickSearchModule:UnityEditor.Search:ASIAI0B)
Imported 'GUID: a23c0dd570fd44b57a03a8880002fcca' -> (Import Result ID: '8aa5439fc8476fdaf084fb27bf501c77') in 0.011 seconds [static and dynamic dependencies]. Details - ImportResultOutputID=49dc0c62d74b26c8bca8be6c2c2ba54e DependenciesID=dbde7e4ad26c7df8df2f591a1d8a021b StaticDependenciesID=b139e8801b2aabf75698ede1d84d4f04 
Number of updated asset objects reloaded before import = 0
Number of asset objects unloaded after import = 1
========================================================================
Received Import Request.
  Time of request: 2026-10-05T20:39:56.177739Z
  Time since last request: 0.0003113 seconds.
  importAddress: GUID: 741761e72e6f24446bd8ba03ea3d0261 - Path: Packages/com.unity.multiplayer.center/Editor/MultiplayerCenterWindow/UI/Icons/d_Questionnaire.png - Importer: ScriptedImporter/UnityEditor.QuickSearchModule:UnityEditor.Search:ASIAI0B
Importing 'GUID: 741761e72e6f24446bd8ba03ea3d0261 - Path: Packages/com.unity.multiplayer.center/Editor/MultiplayerCenterWindow/UI/Icons/d_Questionnaire.png - Importer: ScriptedImporter/UnityEditor.QuickSearchModule:UnityEditor.Search:ASIAI0B' with importer (ScriptedImporter : UnityEditor.QuickSearchModule:UnityEditor.Search:ASIAI0B)
Imported 'GUID: 741761e72e6f24446bd8ba03ea3d0261' -> (Import Result ID: '2cb720192c4be966308227cb0675a59e') in 0.009 seconds [static and dynamic dependencies]. Details - ImportResultOutputID=6c875793fcdc115f9a454ff43e9acc2d DependenciesID=c2a7a35e841e13ab55698b80b76987b0 StaticDependenciesID=7496da4d9c7aaddd5068213417030dea 
Number of updated asset objects reloaded before import = 0
Number of asset objects unloaded after import = 1
========================================================================
Received Import Request.
  Time of request: 2026-10-05T20:39:56.1876366Z
  Time since last request: 0.0002492 seconds.
  importAddress: GUID: d63245ece6d8f476c8c7ca24da9937f6 - Path: Packages/com.unity.multiplayer.center/Editor/MultiplayerCenterWindow/UI/Icons/DistributedAuthority.png - Importer: ScriptedImporter/UnityEditor.QuickSearchModule:UnityEditor.Search:ASIAI0B
Importing 'GUID: d63245ece6d8f476c8c7ca24da9937f6 - Path: Packages/com.unity.multiplayer.center/Editor/MultiplayerCenterWindow/UI/Icons/DistributedAuthority.png - Importer: ScriptedImporter/UnityEditor.QuickSearchModule:UnityEditor.Search:ASIAI0B' with importer (ScriptedImporter : UnityEditor.QuickSearchModule:UnityEditor.Search:ASIAI0B)
Imported 'GUID: d63245ece6d8f476c8c7ca24da9937f6' -> (Import Result ID: '599b3889e7c04801c54324bbcb3f8dbc') in 0.010 seconds [static and dynamic dependencies]. Details - ImportResultOutputID=761cc597f06dff1ad00757c64a1f8386 DependenciesID=3f3c4092d366be939fe3a8d7b4d706fc StaticDependenciesID=a05c2966478590c6f77c914aac02a816 
Number of updated asset objects reloaded before import = 0
Number of asset objects unloaded after import = 1
========================================================================
Received Import Request.
  Time of request: 2026-10-05T20:39:56.1976948Z
  Time since last request: 0.0002706 seconds.
  importAddress: GUID: 3fe892784421e47f5aa40c2784a6cb3e - Path: Packages/com.unity.multiplayer.center/Editor/MultiplayerCenterWindow/UI/Icons/DedicatedServer.png - Importer: ScriptedImporter/UnityEditor.QuickSearchModule:UnityEditor.Search:ASIAI0B
Importing 'GUID: 3fe892784421e47f5aa40c2784a6cb3e - Path: Packages/com.unity.multiplayer.center/Editor/MultiplayerCenterWindow/UI/Icons/DedicatedServer.png - Importer: ScriptedImporter/UnityEditor.QuickSearchModule:UnityEditor.Search:ASIAI0B' with importer (ScriptedImporter : UnityEditor.QuickSearchModule:UnityEditor.Search:ASIAI0B)
Imported 'GUID: 3fe892784421e47f5aa40c2784a6cb3e' -> (Import Result ID: '11bbc0aee4d854e49134dec785e10b5c') in 0.007 seconds [static and dynamic dependencies]. Details - ImportResultOutputID=019e23cdb3979cf5817c087ca2cfdf1c DependenciesID=6a5c71b537e32e73aa1a7295dfe124bf StaticDependenciesID=beb965ad0e3181c0ebeb585077913708 
Number of updated asset objects reloaded before import = 0
Number of asset objects unloaded after import = 1
========================================================================
Received Import Request.
  Time of request: 2026-10-05T20:39:56.2053826Z
  Time since last request: 0.0003285 seconds.
  importAddress: GUID: 29395f0639574c1fbc8b729aa257fb84 - Path: Packages/com.unity.multiplayer.center/Editor/MultiplayerCenterWindow/UI/Icons/d_Check.png - Importer: ScriptedImporter/UnityEditor.QuickSearchModule:UnityEditor.Search:ASIAI0B
Importing 'GUID: 29395f0639574c1fbc8b729aa257fb84 - Path: Packages/com.unity.multiplayer.center/Editor/MultiplayerCenterWindow/UI/Icons/d_Check.png - Importer: ScriptedImporter/UnityEditor.QuickSearchModule:UnityEditor.Search:ASIAI0B' with importer (ScriptedImporter : UnityEditor.QuickSearchModule:UnityEditor.Search:ASIAI0B)
Imported 'GUID: 29395f0639574c1fbc8b729aa257fb84' -> (Import Result ID: 'fb25f429fd4fbe466bc6b9224eeefa06') in 0.010 seconds [static and dynamic dependencies]. Details - ImportResultOutputID=9b3d76e1d5a8785db3f6000d671f7e93 DependenciesID=5f8dad0fa84208ea45f7840cf17974fb StaticDependenciesID=1529c9cff821bc3881954648edb8e07a 
Number of updated asset objects reloaded before import = 0
Number of asset objects unloaded after import = 1
========================================================================
Received Import Request.
  Time of request: 2026-10-05T20:39:56.2155014Z
  Time since last request: 0.0004065 seconds.
  importAddress: GUID: a659150180ae3489ba41c71780ba3779 - Path: Packages/com.unity.multiplayer.center/Editor/Questionnaire/Questionnaire.questionnaire - Importer: ScriptedImporter/UnityEditor.QuickSearchModule:UnityEditor.Search:ASIAI0B
Importing 'GUID: a659150180ae3489ba41c71780ba3779 - Path: Packages/com.unity.multiplayer.center/Editor/Questionnaire/Questionnaire.questionnaire - Importer: ScriptedImporter/UnityEditor.QuickSearchModule:UnityEditor.Search:ASIAI0B' with importer (ScriptedImporter : UnityEditor.QuickSearchModule:UnityEditor.Search:ASIAI0B)
Imported 'GUID: a659150180ae3489ba41c71780ba3779' -> (Import Result ID: '814f31d866a4571d214f9faab76fbb61') in 0.006 seconds [static and dynamic dependencies]. Details - ImportResultOutputID=2f246bcd1ac5c0450a21816e690d011d DependenciesID=bc178cc3ea220ae6fd79eb45392a1af7 StaticDependenciesID=ecc52ae83b814916bdfc33941f7b2bb3 
Number of updated asset objects reloaded before import = 0
Number of asset objects unloaded after import = 1
========================================================================
Received Import Request.
  Time of request: 2026-10-05T20:39:56.2217543Z
  Time since last request: 0.0003604 seconds.
  importAddress: GUID: b66d076cdcfe3b14388de66307a0e7ff - Path: Packages/com.unity.multiplayer.center/Editor/Recommendations/RecommendationData_6000.0.recommendations - Importer: ScriptedImporter/UnityEditor.QuickSearchModule:UnityEditor.Search:ASIAI0B
Importing 'GUID: b66d076cdcfe3b14388de66307a0e7ff - Path: Packages/com.unity.multiplayer.center/Editor/Recommendations/RecommendationData_6000.0.recommendations - Importer: ScriptedImporter/UnityEditor.QuickSearchModule:UnityEditor.Search:ASIAI0B' with importer (ScriptedImporter : UnityEditor.QuickSearchModule:UnityEditor.Search:ASIAI0B)
Imported 'GUID: b66d076cdcfe3b14388de66307a0e7ff' -> (Import Result ID: '9ea02ace4298a3bb6f268b3dedff31dd') in 0.003 seconds [static and dynamic dependencies]. Details - ImportResultOutputID=e891368db72f6625fef2f35e18379a59 DependenciesID=970f3331e153c2be1026aef2de5184d3 StaticDependenciesID=58e80ad5e796ea3ceaa53f2c2ddf6228 
Number of updated asset objects reloaded before import = 0
Number of asset objects unloaded after import = 1
========================================================================
Received Import Request.
  Time of request: 2026-10-05T20:39:56.225119Z
  Time since last request: 0.0003603 seconds.
  importAddress: GUID: c37c4c45cacc46edb43b8c32617b3e34 - Path: Packages/com.unity.multiplayer.center/Tests/Editor/UtilsForGettingStartedTabTests.cs - Importer: ScriptedImporter/UnityEditor.QuickSearchModule:UnityEditor.Search:ASIAI0B
Importing 'GUID: c37c4c45cacc46edb43b8c32617b3e34 - Path: Packages/com.unity.multiplayer.center/Tests/Editor/UtilsForGettingStartedTabTests.cs - Importer: ScriptedImporter/UnityEditor.QuickSearchModule:UnityEditor.Search:ASIAI0B' with importer (ScriptedImporter : UnityEditor.QuickSearchModule:UnityEditor.Search:ASIAI0B)
Imported 'GUID: c37c4c45cacc46edb43b8c32617b3e34' -> (Import Result ID: '346f4a345127c9c0af2d76ef1b2fb3d9') in 0.003 seconds [static and dynamic dependencies]. Details - ImportResultOutputID=3091edd7c33679ab30ce48d45e37c1bb DependenciesID=f37ffb8aa7e24fac244ee321ddb5af8a StaticDependenciesID=4ce83a085af3c315e375bbb478233c17 
Number of updated asset objects reloaded before import = 0
Number of asset objects unloaded after import = 0
========================================================================
Received Import Request.
  Time of request: 2026-10-05T20:39:56.2289079Z
  Time since last request: 0.0003228 seconds.
  importAddress: GUID: 77be953cf28de42a4ad8532539fef3f5 - Path: Packages/com.unity.multiplayer.center/Editor/MultiplayerCenterWindow/UI/Icons/d_PackageInstalled.png - Importer: ScriptedImporter/UnityEditor.QuickSearchModule:UnityEditor.Search:ASIAI0B
Importing 'GUID: 77be953cf28de42a4ad8532539fef3f5 - Path: Packages/com.unity.multiplayer.center/Editor/MultiplayerCenterWindow/UI/Icons/d_PackageInstalled.png - Importer: ScriptedImporter/UnityEditor.QuickSearchModule:UnityEditor.Search:ASIAI0B' with importer (ScriptedImporter : UnityEditor.QuickSearchModule:UnityEditor.Search:ASIAI0B)
Imported 'GUID: 77be953cf28de42a4ad8532539fef3f5' -> (Import Result ID: '8579f5ee6c0fc6ff9a98dc61263b966d') in 0.009 seconds [static and dynamic dependencies]. Details - ImportResultOutputID=f77e423f73410bc894eeddaa4bd75af8 DependenciesID=4067cc2fe4af8dbee2827017a60249ea StaticDependenciesID=18a34161351ebc3e77d6e3902e6cf259 
Number of updated asset objects reloaded before import = 0
Number of asset objects unloaded after import = 1
========================================================================
Received Import Request.
  Time of request: 2026-10-05T20:39:56.2385744Z
  Time since last request: 0.0007508 seconds.
  importAddress: GUID: 38a11839c22b4e67aa2e508d906edf65 - Path: Packages/com.unity.multiplayer.center/Editor/Recommendations/RecommenderSystemData.cs - Importer: ScriptedImporter/UnityEditor.QuickSearchModule:UnityEditor.Search:ASIAI0B
Importing 'GUID: 38a11839c22b4e67aa2e508d906edf65 - Path: Packages/com.unity.multiplayer.center/Editor/Recommendations/RecommenderSystemData.cs - Importer: ScriptedImporter/UnityEditor.QuickSearchModule:UnityEditor.Search:ASIAI0B' with importer (ScriptedImporter : UnityEditor.QuickSearchModule:UnityEditor.Search:ASIAI0B)
Imported 'GUID: 38a11839c22b4e67aa2e508d906edf65' -> (Import Result ID: '69debf0f90e0e407e81db99c7287ea29') in 0.005 seconds [static and dynamic dependencies]. Details - ImportResultOutputID=f7e3cde90c67db5367288236d32a4f78 DependenciesID=5166e1fd36e7617a805110490de94de3 StaticDependenciesID=a4563a4c8cee84843fe5f5e1a5beb475 
Number of updated asset objects reloaded before import = 0
Number of asset objects unloaded after import = 0
========================================================================
Received Import Request.
  Time of request: 2026-10-05T20:39:56.2438972Z
  Time since last request: 0.0003072 seconds.
  importAddress: GUID: 5d117d33f89d41cd9123918383c9b981 - Path: Packages/com.unity.multiplayer.center/Editor/Questionnaire/QuestionnaireEditor.cs - Importer: ScriptedImporter/UnityEditor.QuickSearchModule:UnityEditor.Search:ASIAI0B
Importing 'GUID: 5d117d33f89d41cd9123918383c9b981 - Path: Packages/com.unity.multiplayer.center/Editor/Questionnaire/QuestionnaireEditor.cs - Importer: ScriptedImporter/UnityEditor.QuickSearchModule:UnityEditor.Search:ASIAI0B' with importer (ScriptedImporter : UnityEditor.QuickSearchModule:UnityEditor.Search:ASIAI0B)
Imported 'GUID: 5d117d33f89d41cd9123918383c9b981' -> (Import Result ID: '365ed22a6c6fb26a76d29b4f581d9f5f') in 0.002 seconds [static and dynamic dependencies]. Details - ImportResultOutputID=d27af6bb5ff86518aba95e47ebe1c852 DependenciesID=49c3e19954bd401645aeb62f0ea3667f StaticDependenciesID=53e187d695fb78d40a2681bdcea0b7a7 
Number of updated asset objects reloaded before import = 0
Number of asset objects unloaded after import = 0
========================================================================
Received Import Request.
  Time of request: 2026-10-05T20:39:56.2466505Z
  Time since last request: 0.0002587 seconds.
  importAddress: GUID: b46a48f780f84026b9d1e73ee1b0121d - Path: Packages/com.unity.multiplayer.center/Editor/Recommendations/RecommendationType.cs - Importer: ScriptedImporter/UnityEditor.QuickSearchModule:UnityEditor.Search:ASIAI0B
Importing 'GUID: b46a48f780f84026b9d1e73ee1b0121d - Path: Packages/com.unity.multiplayer.center/Editor/Recommendations/RecommendationType.cs - Importer: ScriptedImporter/UnityEditor.QuickSearchModule:UnityEditor.Search:ASIAI0B' with importer (ScriptedImporter : UnityEditor.QuickSearchModule:UnityEditor.Search:ASIAI0B)
Imported 'GUID: b46a48f780f84026b9d1e73ee1b0121d' -> (Import Result ID: '6b4486b6d3787686172328c8889cfd00') in 0.002 seconds [static and dynamic dependencies]. Details - ImportResultOutputID=b521197c6f82793924ce8c3792f3d0f2 DependenciesID=d341e431c7552337c7c606fd9ac9c99d StaticDependenciesID=e8a2bd8b9f7e20f529a556a586753443 
Number of updated asset objects reloaded before import = 0
Number of asset objects unloaded after import = 0
========================================================================
Received Import Request.
  Time of request: 2026-10-05T20:39:56.2491449Z
  Time since last request: 0.0002644 seconds.
  importAddress: GUID: 0354877031b64465ea7e5cafea1a2653 - Path: Packages/com.unity.multiplayer.center/Editor/MultiplayerCenterWindow/UI/Icons/DistributedAuthority@2x.png - Importer: ScriptedImporter/UnityEditor.QuickSearchModule:UnityEditor.Search:ASIAI0B
Importing 'GUID: 0354877031b64465ea7e5cafea1a2653 - Path: Packages/com.unity.multiplayer.center/Editor/MultiplayerCenterWindow/UI/Icons/DistributedAuthority@2x.png - Importer: ScriptedImporter/UnityEditor.QuickSearchModule:UnityEditor.Search:ASIAI0B' with importer (ScriptedImporter : UnityEditor.QuickSearchModule:UnityEditor.Search:ASIAI0B)
Imported 'GUID: 0354877031b64465ea7e5cafea1a2653' -> (Import Result ID: 'c2bd5d1a916cd926d791c0b80b1edabc') in 0.008 seconds [static and dynamic dependencies]. Details - ImportResultOutputID=33ac6b44a86a8dfcdab5c8fe63402b52 DependenciesID=4bbbc1e47126e50db8a993ebf6a4b2e4 StaticDependenciesID=a51d204e289262ccab4ada814f1298da 
Number of updated asset objects reloaded before import = 0
Number of asset objects unloaded after import = 1
========================================================================
Received Import Request.
  Time of request: 2026-10-05T20:39:56.257955Z
  Time since last request: 0.0004709 seconds.
  importAddress: GUID: 7456ea4ba2dcd48d3909b82e610f2048 - Path: Packages/com.unity.multiplayer.center/Tests/Runtime/PlaceholderTest.cs - Importer: ScriptedImporter/UnityEditor.QuickSearchModule:UnityEditor.Search:ASIAI0B
Importing 'GUID: 7456ea4ba2dcd48d3909b82e610f2048 - Path: Packages/com.unity.multiplayer.center/Tests/Runtime/PlaceholderTest.cs - Importer: ScriptedImporter/UnityEditor.QuickSearchModule:UnityEditor.Search:ASIAI0B' with importer (ScriptedImporter : UnityEditor.QuickSearchModule:UnityEditor.Search:ASIAI0B)
Imported 'GUID: 7456ea4ba2dcd48d3909b82e610f2048' -> (Import Result ID: 'dcb9d419597f4df0ace3fa2bc393895b') in 0.004 seconds [static and dynamic dependencies]. Details - ImportResultOutputID=183797e28148610eaee84700387c47cd DependenciesID=64206a5edc8608a1cd24e51114c640af StaticDependenciesID=ca0ea154eac79a5df2be320684b7292b 
Number of updated asset objects reloaded before import = 0
Number of asset objects unloaded after import = 0
========================================================================
Received Import Request.
  Time of request: 2026-10-05T20:39:56.2626448Z
  Time since last request: 0.0002995 seconds.
  importAddress: GUID: 89ffa359141b49fea9bfa6a1db3b18be - Path: Packages/com.unity.multiplayer.center/Tests/Editor/AssemblyInfo.cs - Importer: ScriptedImporter/UnityEditor.QuickSearchModule:UnityEditor.Search:ASIAI0B
Importing 'GUID: 89ffa359141b49fea9bfa6a1db3b18be - Path: Packages/com.unity.multiplayer.center/Tests/Editor/AssemblyInfo.cs - Importer: ScriptedImporter/UnityEditor.QuickSearchModule:UnityEditor.Search:ASIAI0B' with importer (ScriptedImporter : UnityEditor.QuickSearchModule:UnityEditor.Search:ASIAI0B)
Imported 'GUID: 89ffa359141b49fea9bfa6a1db3b18be' -> (Import Result ID: 'f2ee1971938c5576a9f26be8ff42d495') in 0.005 seconds [static and dynamic dependencies]. Details - ImportResultOutputID=5b907cc70107ed5ac128d39d5075f7c4 DependenciesID=dbfa68874931c0b477010584926d0c23 StaticDependenciesID=bf82d4189def0f9bd9c693c228391a5e 
Number of updated asset objects reloaded before import = 0
Number of asset objects unloaded after import = 0
========================================================================
Received Import Request.
  Time of request: 2026-10-05T20:39:56.2679772Z
  Time since last request: 0.0003316 seconds.
  importAddress: GUID: d9beb5106d424f23902054f76d4b673d - Path: Packages/com.unity.multiplayer.center/Editor/Questionnaire/Logic.cs - Importer: ScriptedImporter/UnityEditor.QuickSearchModule:UnityEditor.Search:ASIAI0B
Importing 'GUID: d9beb5106d424f23902054f76d4b673d - Path: Packages/com.unity.multiplayer.center/Editor/Questionnaire/Logic.cs - Importer: ScriptedImporter/UnityEditor.QuickSearchModule:UnityEditor.Search:ASIAI0B' with importer (ScriptedImporter : UnityEditor.QuickSearchModule:UnityEditor.Search:ASIAI0B)
Imported 'GUID: d9beb5106d424f23902054f76d4b673d' -> (Import Result ID: '7e0631d99a9a45c4332e1a24c8cb3b16') in 0.004 seconds [static and dynamic dependencies]. Details - ImportResultOutputID=225f37bdda856146581cb16c137f391c DependenciesID=831dbd314aac8ccad9354a470abf26f0 StaticDependenciesID=cc3577f7dcbf89a86ba8b2a54c471890 
Number of updated asset objects reloaded before import = 0
Number of asset objects unloaded after import = 0
========================================================================
Received Import Request.
  Time of request: 2026-10-05T20:39:56.2724987Z
  Time since last request: 0.0003942 seconds.
  importAddress: GUID: 23342257960b4b618e6f7c444137663c - Path: Packages/com.unity.multiplayer.center/Editor/Recommendations/PreReleaseHandling.cs - Importer: ScriptedImporter/UnityEditor.QuickSearchModule:UnityEditor.Search:ASIAI0B
Importing 'GUID: 23342257960b4b618e6f7c444137663c - Path: Packages/com.unity.multiplayer.center/Editor/Recommendations/PreReleaseHandling.cs - Importer: ScriptedImporter/UnityEditor.QuickSearchModule:UnityEditor.Search:ASIAI0B' with importer (ScriptedImporter : UnityEditor.QuickSearchModule:UnityEditor.Search:ASIAI0B)
Imported 'GUID: 23342257960b4b618e6f7c444137663c' -> (Import Result ID: '9feb9c46356f1152a077a049a0788d69') in 0.003 seconds [static and dynamic dependencies]. Details - ImportResultOutputID=797a13ada469d3c171fb9ab9f0813620 DependenciesID=31f42e0914dc4d629685c35fd1f7cda7 StaticDependenciesID=c1c1a937d7e024ab13aaff6e63aefb1e 
Number of updated asset objects reloaded before import = 0
Number of asset objects unloaded after import = 0
========================================================================
Received Import Request.
  Time of request: 2026-10-05T20:39:56.2764794Z
  Time since last request: 0.0003699 seconds.
  importAddress: GUID: 15513aed5d41411c887ccfe14c103337 - Path: Packages/com.unity.multiplayer.center/Tests/Editor/UserChoicesMigrationTests.cs - Importer: ScriptedImporter/UnityEditor.QuickSearchModule:UnityEditor.Search:ASIAI0B
Importing 'GUID: 15513aed5d41411c887ccfe14c103337 - Path: Packages/com.unity.multiplayer.center/Tests/Editor/UserChoicesMigrationTests.cs - Importer: ScriptedImporter/UnityEditor.QuickSearchModule:UnityEditor.Search:ASIAI0B' with importer (ScriptedImporter : UnityEditor.QuickSearchModule:UnityEditor.Search:ASIAI0B)
Imported 'GUID: 15513aed5d41411c887ccfe14c103337' -> (Import Result ID: '406ba541cf11c9a07d4efd55d7bc209b') in 0.003 seconds [static and dynamic dependencies]. Details - ImportResultOutputID=baa42a81cc4c4fe5495283e3945817fc DependenciesID=53076502f68cbdfa4e040f94b38058a4 StaticDependenciesID=2ec4e89d151905138095e4b983a02960 
Number of updated asset objects reloaded before import = 0
Number of asset objects unloaded after import = 0
========================================================================
Received Import Request.
  Time of request: 2026-10-05T20:39:56.2794929Z
  Time since last request: 0.0003 seconds.
  importAddress: GUID: f526d484b0c04a1896c469f31c713786 - Path: Packages/com.unity.multiplayer.center/Editor/Recommendations/Scoring.cs - Importer: ScriptedImporter/UnityEditor.QuickSearchModule:UnityEditor.Search:ASIAI0B
Importing 'GUID: f526d484b0c04a1896c469f31c713786 - Path: Packages/com.unity.multiplayer.center/Editor/Recommendations/Scoring.cs - Importer: ScriptedImporter/UnityEditor.QuickSearchModule:UnityEditor.Search:ASIAI0B' with importer (ScriptedImporter : UnityEditor.QuickSearchModule:UnityEditor.Search:ASIAI0B)
Imported 'GUID: f526d484b0c04a1896c469f31c713786' -> (Import Result ID: 'dc97b9be57b5c15ba0bbd91af34f8c7a') in 0.002 seconds [static and dynamic dependencies]. Details - ImportResultOutputID=d9026066d513437f22d552c003971739 DependenciesID=6ef63c60dcaf52cd8e0a392ee08c15ef StaticDependenciesID=eb8d61be74a7a97786e6d698354a52e6 
Number of updated asset objects reloaded before import = 0
Number of asset objects unloaded after import = 0
========================================================================
Received Import Request.
  Time of request: 2026-10-05T20:39:56.2818807Z
  Time since last request: 0.0002155 seconds.
  importAddress: GUID: c3677cd9ede84e78b2fff6331c6301da - Path: Packages/com.unity.multiplayer.center/Editor/Questionnaire/QuestionnaireObject.cs - Importer: ScriptedImporter/UnityEditor.QuickSearchModule:UnityEditor.Search:ASIAI0B
Importing 'GUID: c3677cd9ede84e78b2fff6331c6301da - Path: Packages/com.unity.multiplayer.center/Editor/Questionnaire/QuestionnaireObject.cs - Importer: ScriptedImporter/UnityEditor.QuickSearchModule:UnityEditor.Search:ASIAI0B' with importer (ScriptedImporter : UnityEditor.QuickSearchModule:UnityEditor.Search:ASIAI0B)
Imported 'GUID: c3677cd9ede84e78b2fff6331c6301da' -> (Import Result ID: '08e365dfafaec56b37afc7e27d6800ba') in 0.003 seconds [static and dynamic dependencies]. Details - ImportResultOutputID=1ddf5115dd0a3cd53c593b88c56eab33 DependenciesID=9b4b50484395237342d9c041fd0ce207 StaticDependenciesID=3a56606a70d3c4a783d59c6ec3be0a1a 
Number of updated asset objects reloaded before import = 0
Number of asset objects unloaded after import = 0
========================================================================
Received Import Request.
  Time of request: 2026-10-05T20:39:56.2851633Z
  Time since last request: 0.000271 seconds.
  importAddress: GUID: 0efb92c924574ec59b71b9185a6ed8fb - Path: Packages/com.unity.multiplayer.center/Tests/Editor/RecommendationTests.cs - Importer: ScriptedImporter/UnityEditor.QuickSearchModule:UnityEditor.Search:ASIAI0B
Importing 'GUID: 0efb92c924574ec59b71b9185a6ed8fb - Path: Packages/com.unity.multiplayer.center/Tests/Editor/RecommendationTests.cs - Importer: ScriptedImporter/UnityEditor.QuickSearchModule:UnityEditor.Search:ASIAI0B' with importer (ScriptedImporter : UnityEditor.QuickSearchModule:UnityEditor.Search:ASIAI0B)
Imported 'GUID: 0efb92c924574ec59b71b9185a6ed8fb' -> (Import Result ID: '164a69452c4d1fbc67384d953a34cb06') in 0.003 seconds [static and dynamic dependencies]. Details - ImportResultOutputID=b36f8ac0c806bd8ac439e4527aa3b573 DependenciesID=88aae85cea2821a7a2e3dafcb07e426e StaticDependenciesID=b2b14ffd5422b3516bc98f702ea50aae 
Number of updated asset objects reloaded before import = 0
Number of asset objects unloaded after import = 0
========================================================================
Received Import Request.
  Time of request: 2026-10-05T20:39:56.2882861Z
  Time since last request: 0.0002332 seconds.
  importAddress: GUID: 4f78a544322c742b89e63fb68557b1d2 - Path: Packages/com.unity.multiplayer.center/Editor/MultiplayerCenterWindow/UI/Icons/Check.png - Importer: ScriptedImporter/UnityEditor.QuickSearchModule:UnityEditor.Search:ASIAI0B
Importing 'GUID: 4f78a544322c742b89e63fb68557b1d2 - Path: Packages/com.unity.multiplayer.center/Editor/MultiplayerCenterWindow/UI/Icons/Check.png - Importer: ScriptedImporter/UnityEditor.QuickSearchModule:UnityEditor.Search:ASIAI0B' with importer (ScriptedImporter : UnityEditor.QuickSearchModule:UnityEditor.Search:ASIAI0B)
Imported 'GUID: 4f78a544322c742b89e63fb68557b1d2' -> (Import Result ID: '35245a5ca08ae4def1897fe584f3d7fc') in 0.010 seconds [static and dynamic dependencies]. Details - ImportResultOutputID=97b4c4477b0fb5ccc14f322a74f88651 DependenciesID=ad8569dc245a1939a1eb8230ce72a279 StaticDependenciesID=cd4151479c6272c469bc89541d04576c 
Number of updated asset objects reloaded before import = 0
Number of asset objects unloaded after import = 1
========================================================================
Received Import Request.
  Time of request: 2026-10-05T20:39:56.2982808Z
  Time since last request: 0.000254 seconds.
  importAddress: GUID: 284da2a38ea043d69e1a38fd8a22bec9 - Path: Packages/com.unity.multiplayer.center/Tests/Editor/RecommenderSystemTests.cs - Importer: ScriptedImporter/UnityEditor.QuickSearchModule:UnityEditor.Search:ASIAI0B
Importing 'GUID: 284da2a38ea043d69e1a38fd8a22bec9 - Path: Packages/com.unity.multiplayer.center/Tests/Editor/RecommenderSystemTests.cs - Importer: ScriptedImporter/UnityEditor.QuickSearchModule:UnityEditor.Search:ASIAI0B' with importer (ScriptedImporter : UnityEditor.QuickSearchModule:UnityEditor.Search:ASIAI0B)
Imported 'GUID: 284da2a38ea043d69e1a38fd8a22bec9' -> (Import Result ID: 'b10be572ec3ae1a757d683f91eb1dc4f') in 0.002 seconds [static and dynamic dependencies]. Details - ImportResultOutputID=d42e0b87e262aa4d9add1b2812996360 DependenciesID=ae32b9130890667097e7b2076b1504c8 StaticDependenciesID=c1a62e9b6d7c0d04061e787f38f7e4e5 
Number of updated asset objects reloaded before import = 0
Number of asset objects unloaded after import = 0
========================================================================
Received Import Request.
  Time of request: 2026-10-05T20:39:56.3011702Z
  Time since last request: 0.00038 seconds.
  importAddress: GUID: dce12af736e0a4a1ba35d6424f897dc9 - Path: Packages/com.unity.multiplayer.center/Editor/MultiplayerCenterWindow/UI/Icons/CustomNetcode.png - Importer: ScriptedImporter/UnityEditor.QuickSearchModule:UnityEditor.Search:ASIAI0B
Importing 'GUID: dce12af736e0a4a1ba35d6424f897dc9 - Path: Packages/com.unity.multiplayer.center/Editor/MultiplayerCenterWindow/UI/Icons/CustomNetcode.png - Importer: ScriptedImporter/UnityEditor.QuickSearchModule:UnityEditor.Search:ASIAI0B' with importer (ScriptedImporter : UnityEditor.QuickSearchModule:UnityEditor.Search:ASIAI0B)
Imported 'GUID: dce12af736e0a4a1ba35d6424f897dc9' -> (Import Result ID: '7294c7a4417d64b6494d59e619016b61') in 0.005 seconds [static and dynamic dependencies]. Details - ImportResultOutputID=92032fbe48e6f0ed211dda78720311dc DependenciesID=7177d58d9ebb29e7b5732ef136996f4a StaticDependenciesID=4d45e617a0c83a49cb01ae5caca51816 
Number of updated asset objects reloaded before import = 0
Number of asset objects unloaded after import = 1
========================================================================
Received Import Request.
  Time of request: 2026-10-05T20:39:56.306278Z
  Time since last request: 0.0002908 seconds.
  importAddress: GUID: b2ce704e56cc84fb3b347499263c6244 - Path: Packages/com.unity.multiplayer.center/Editor/MultiplayerCenterWindow/UI/Icons/ClientHosted.png - Importer: ScriptedImporter/UnityEditor.QuickSearchModule:UnityEditor.Search:ASIAI0B
Importing 'GUID: b2ce704e56cc84fb3b347499263c6244 - Path: Packages/com.unity.multiplayer.center/Editor/MultiplayerCenterWindow/UI/Icons/ClientHosted.png - Importer: ScriptedImporter/UnityEditor.QuickSearchModule:UnityEditor.Search:ASIAI0B' with importer (ScriptedImporter : UnityEditor.QuickSearchModule:UnityEditor.Search:ASIAI0B)
Imported 'GUID: b2ce704e56cc84fb3b347499263c6244' -> (Import Result ID: 'af32dcead4d300d272e41284dd813327') in 0.006 seconds [static and dynamic dependencies]. Details - ImportResultOutputID=c6db097b2dc82dab0132b6f6ac23cf00 DependenciesID=6f343b363b6707c45eabf19d11f7fdaf StaticDependenciesID=5dac54b1acf2be5a3f81b195119fcefd 
Number of updated asset objects reloaded before import = 0
Number of asset objects unloaded after import = 1
========================================================================
Received Import Request.
  Time of request: 2026-10-05T20:39:56.3129838Z
  Time since last request: 0.0002464 seconds.
  importAddress: GUID: bac00d6e07f0b4305bb395363c89d92b - Path: Packages/com.unity.multiplayer.center/Editor/MultiplayerCenterWindow/UI/MultiplayerCenterWindow.uss - Importer: ScriptedImporter/UnityEditor.QuickSearchModule:UnityEditor.Search:ASIAI0B
Importing 'GUID: bac00d6e07f0b4305bb395363c89d92b - Path: Packages/com.unity.multiplayer.center/Editor/MultiplayerCenterWindow/UI/MultiplayerCenterWindow.uss - Importer: ScriptedImporter/UnityEditor.QuickSearchModule:UnityEditor.Search:ASIAI0B' with importer (ScriptedImporter : UnityEditor.QuickSearchModule:UnityEditor.Search:ASIAI0B)
Imported 'GUID: bac00d6e07f0b4305bb395363c89d92b' -> (Import Result ID: '8b6757c4267f89773c5d5ababa1e3622') in 0.036 seconds [static and dynamic dependencies]. Details - ImportResultOutputID=84adb97f17933d32b9550e7d17e7e4c5 DependenciesID=4f68e5f4e85c30d1cb3e7d1cb01a394f StaticDependenciesID=dabd5ad7c445e3e9c5c0f4cfd9510713 
Number of updated asset objects reloaded before import = 0
Number of asset objects unloaded after import = 19
========================================================================
Received Import Request.
  Time of request: 2026-10-05T20:39:56.3494604Z
  Time since last request: 0.0000173 seconds.
  importAddress: GUID: b6a02e450cd04bb781e7728f2056251c - Path: Packages/com.unity.multiplayer.center/Editor/Recommendations/RecommenderSystemDataObject.cs - Importer: ScriptedImporter/UnityEditor.QuickSearchModule:UnityEditor.Search:ASIAI0B
Importing 'GUID: b6a02e450cd04bb781e7728f2056251c - Path: Packages/com.unity.multiplayer.center/Editor/Recommendations/RecommenderSystemDataObject.cs - Importer: ScriptedImporter/UnityEditor.QuickSearchModule:UnityEditor.Search:ASIAI0B' with importer (ScriptedImporter : UnityEditor.QuickSearchModule:UnityEditor.Search:ASIAI0B)
Imported 'GUID: b6a02e450cd04bb781e7728f2056251c' -> (Import Result ID: 'fa5019d8fa348c5e786eee706a086495') in 0.003 seconds [static and dynamic dependencies]. Details - ImportResultOutputID=62a60984e6edeebda2ca04f149c1ab36 DependenciesID=51514f5ab9901f88bea7dd564d156399 StaticDependenciesID=b616c3cb0cfdd02f283a4fc67b40feec 
Number of updated asset objects reloaded before import = 0
Number of asset objects unloaded after import = 0
========================================================================
Received Import Request.
  Time of request: 2026-10-05T20:39:56.352576Z
  Time since last request: 0.00025 seconds.
  importAddress: GUID: a6fd0c627f5aa48fa81512221e70a11e - Path: Packages/com.unity.multiplayer.center/Editor/MultiplayerCenterWindow/UI/Icons/d_PackageManager@2x.png - Importer: ScriptedImporter/UnityEditor.QuickSearchModule:UnityEditor.Search:ASIAI0B
Importing 'GUID: a6fd0c627f5aa48fa81512221e70a11e - Path: Packages/com.unity.multiplayer.center/Editor/MultiplayerCenterWindow/UI/Icons/d_PackageManager@2x.png - Importer: ScriptedImporter/UnityEditor.QuickSearchModule:UnityEditor.Search:ASIAI0B' with importer (ScriptedImporter : UnityEditor.QuickSearchModule:UnityEditor.Search:ASIAI0B)
Imported 'GUID: a6fd0c627f5aa48fa81512221e70a11e' -> (Import Result ID: '87021fed7d97c028071ca82a39e0ab76') in 0.006 seconds [static and dynamic dependencies]. Details - ImportResultOutputID=ec76835433c33e2300e4d8fffae01f04 DependenciesID=79771625120b2103d3f7a76463924860 StaticDependenciesID=93961c3ee2d52b81fc6e42f292ae9582 
Number of updated asset objects reloaded before import = 0
Number of asset objects unloaded after import = 1
========================================================================
Received Import Request.
  Time of request: 2026-10-05T20:39:56.3593458Z
  Time since last request: 0.0002779 seconds.
  importAddress: GUID: 2664430aff4254d79887d32c3fc1e221 - Path: Packages/com.unity.multiplayer.center/Tests/Runtime/Unity.Multiplayer.Center.Tests.asmdef - Importer: ScriptedImporter/UnityEditor.QuickSearchModule:UnityEditor.Search:ASIAI0B
Importing 'GUID: 2664430aff4254d79887d32c3fc1e221 - Path: Packages/com.unity.multiplayer.center/Tests/Runtime/Unity.Multiplayer.Center.Tests.asmdef - Importer: ScriptedImporter/UnityEditor.QuickSearchModule:UnityEditor.Search:ASIAI0B' with importer (ScriptedImporter : UnityEditor.QuickSearchModule:UnityEditor.Search:ASIAI0B)
Imported 'GUID: 2664430aff4254d79887d32c3fc1e221' -> (Import Result ID: '5c4113e3cbab323ecedd98d5534d91d4') in 0.006 seconds [static and dynamic dependencies]. Details - ImportResultOutputID=dae3224fe8fb4d18131e2003166ff80b DependenciesID=453cdd8210318e502791cbd52ac7efd8 StaticDependenciesID=ca4b829660ccc8df2c277de5af639f20 
Number of updated asset objects reloaded before import = 0
Number of asset objects unloaded after import = 1
========================================================================
Received Import Request.
  Time of request: 2026-10-05T20:39:56.3653352Z
  Time since last request: 0.0002817 seconds.
  importAddress: GUID: 18cde282a8d045bf9d245fdcfaa7271b - Path: Packages/com.unity.multiplayer.center/Editor/Questionnaire/UserChoicesObject.cs - Importer: ScriptedImporter/UnityEditor.QuickSearchModule:UnityEditor.Search:ASIAI0B
Importing 'GUID: 18cde282a8d045bf9d245fdcfaa7271b - Path: Packages/com.unity.multiplayer.center/Editor/Questionnaire/UserChoicesObject.cs - Importer: ScriptedImporter/UnityEditor.QuickSearchModule:UnityEditor.Search:ASIAI0B' with importer (ScriptedImporter : UnityEditor.QuickSearchModule:UnityEditor.Search:ASIAI0B)
Imported 'GUID: 18cde282a8d045bf9d245fdcfaa7271b' -> (Import Result ID: 'e60169a8f9d81f09bc04cf7c55e95d6a') in 0.003 seconds [static and dynamic dependencies]. Details - ImportResultOutputID=3ea070d9940070b918366bc3a2aaa913 DependenciesID=d3b970e7cb572a210c2500edff0068ec StaticDependenciesID=2467bf363f0cb0727f74f3f7e0041bb0 
Number of updated asset objects reloaded before import = 0
Number of asset objects unloaded after import = 0
========================================================================
Received Import Request.
  Time of request: 2026-10-05T20:39:56.3687793Z
  Time since last request: 0.0002488 seconds.
  importAddress: GUID: 318df756abab5463e9aa361360784865 - Path: Packages/com.unity.multiplayer.center/Editor/MultiplayerCenterWindow/UI/Icons/d_PackageInstalled@2x.png - Importer: ScriptedImporter/UnityEditor.QuickSearchModule:UnityEditor.Search:ASIAI0B
Importing 'GUID: 318df756abab5463e9aa361360784865 - Path: Packages/com.unity.multiplayer.center/Editor/MultiplayerCenterWindow/UI/Icons/d_PackageInstalled@2x.png - Importer: ScriptedImporter/UnityEditor.QuickSearchModule:UnityEditor.Search:ASIAI0B' with importer (ScriptedImporter : UnityEditor.QuickSearchModule:UnityEditor.Search:ASIAI0B)
Imported 'GUID: 318df756abab5463e9aa361360784865' -> (Import Result ID: '0610039c8ec4705d232aff231aa0c688') in 0.007 seconds [static and dynamic dependencies]. Details - ImportResultOutputID=1880beece4cb354f9fb701f2a3af58ae DependenciesID=c150372f88808d02475cf0ca8c46a64b StaticDependenciesID=e98ee94ff34a93256015b8b71b0aa038 
Number of updated asset objects reloaded before import = 0
Number of asset objects unloaded after import = 1
========================================================================
Received Import Request.
  Time of request: 2026-10-05T20:39:56.3763269Z
  Time since last request: 0.000265 seconds.
  importAddress: GUID: 84e4bbd00035e4671bf14e0380a89001 - Path: Packages/com.unity.multiplayer.center/Editor/MultiplayerCenterWindow/UI/Icons/EmptyViewIcon.png - Importer: ScriptedImporter/UnityEditor.QuickSearchModule:UnityEditor.Search:ASIAI0B
Importing 'GUID: 84e4bbd00035e4671bf14e0380a89001 - Path: Packages/com.unity.multiplayer.center/Editor/MultiplayerCenterWindow/UI/Icons/EmptyViewIcon.png - Importer: ScriptedImporter/UnityEditor.QuickSearchModule:UnityEditor.Search:ASIAI0B' with importer (ScriptedImporter : UnityEditor.QuickSearchModule:UnityEditor.Search:ASIAI0B)
Imported 'GUID: 84e4bbd00035e4671bf14e0380a89001' -> (Import Result ID: '30fbed838789345c2c81f9a2b0688bf8') in 0.009 seconds [static and dynamic dependencies]. Details - ImportResultOutputID=fe204e2f1dedd4cd72201b863c0434c3 DependenciesID=98d3c8bcd48a087909481b95b916be77 StaticDependenciesID=9b8072141b80592221d304f41e3b3374 
Number of updated asset objects reloaded before import = 0
Number of asset objects unloaded after import = 1
========================================================================
Received Import Request.
  Time of request: 2026-10-05T20:39:56.3857144Z
  Time since last request: 0.0003134 seconds.
  importAddress: GUID: 71b3035ad4d343cbbe033e93369d187e - Path: Packages/com.unity.multiplayer.center/Editor/Recommendations/RecommendationAuthoringData.cs - Importer: ScriptedImporter/UnityEditor.QuickSearchModule:UnityEditor.Search:ASIAI0B
Importing 'GUID: 71b3035ad4d343cbbe033e93369d187e - Path: Packages/com.unity.multiplayer.center/Editor/Recommendations/RecommendationAuthoringData.cs - Importer: ScriptedImporter/UnityEditor.QuickSearchModule:UnityEditor.Search:ASIAI0B' with importer (ScriptedImporter : UnityEditor.QuickSearchModule:UnityEditor.Search:ASIAI0B)
Imported 'GUID: 71b3035ad4d343cbbe033e93369d187e' -> (Import Result ID: '11b299eaeba539193ff288ed41898778') in 0.002 seconds [static and dynamic dependencies]. Details - ImportResultOutputID=65305aa381bf6b0d65509ff552edc249 DependenciesID=a9943d215752276585767d432019bac1 StaticDependenciesID=7f3337417eb41703e37a52f8a5d8ae56 
Number of updated asset objects reloaded before import = 0
Number of asset objects unloaded after import = 0
========================================================================
Received Import Request.
  Time of request: 2026-10-05T20:39:56.3884046Z
  Time since last request: 0.0002633 seconds.
  importAddress: GUID: 1984cd07fe96417f9e88f5771f6b4b32 - Path: Packages/com.unity.multiplayer.center/Editor/MultiplayerCenterWindow/UI/dark.uss - Importer: ScriptedImporter/UnityEditor.QuickSearchModule:UnityEditor.Search:ASIAI0B
Importing 'GUID: 1984cd07fe96417f9e88f5771f6b4b32 - Path: Packages/com.unity.multiplayer.center/Editor/MultiplayerCenterWindow/UI/dark.uss - Importer: ScriptedImporter/UnityEditor.QuickSearchModule:UnityEditor.Search:ASIAI0B' with importer (ScriptedImporter : UnityEditor.QuickSearchModule:UnityEditor.Search:ASIAI0B)
Imported 'GUID: 1984cd07fe96417f9e88f5771f6b4b32' -> (Import Result ID: '905fddb5f38b4bd030a62e37cdab3d32') in 0.026 seconds [static and dynamic dependencies]. Details - ImportResultOutputID=0ba3abbd67457dfa88d5bffee8f80bec DependenciesID=6a5b1312b86f2a7657d9d3e7c68b483b StaticDependenciesID=88653429d607cb38daa99bd3b24408c2 
Number of updated asset objects reloaded before import = 0
Number of asset objects unloaded after import = 9
========================================================================
Received Import Request.
  Time of request: 2026-10-05T20:39:56.4151449Z
  Time since last request: 0.0000208 seconds.
  importAddress: GUID: bcf305fff4614e26a6979b63e954f6d6 - Path: Packages/com.unity.multiplayer.center/Editor/MultiplayerCenterWindow/UI/QuestionnaireView.cs - Importer: ScriptedImporter/UnityEditor.QuickSearchModule:UnityEditor.Search:ASIAI0B
Importing 'GUID: bcf305fff4614e26a6979b63e954f6d6 - Path: Packages/com.unity.multiplayer.center/Editor/MultiplayerCenterWindow/UI/QuestionnaireView.cs - Importer: ScriptedImporter/UnityEditor.QuickSearchModule:UnityEditor.Search:ASIAI0B' with importer (ScriptedImporter : UnityEditor.QuickSearchModule:UnityEditor.Search:ASIAI0B)
Imported 'GUID: bcf305fff4614e26a6979b63e954f6d6' -> (Import Result ID: '82cc90f02dd59329c88d623bac3ca3fb') in 0.004 seconds [static and dynamic dependencies]. Details - ImportResultOutputID=be573a551afe0d9faa03cbcfdeb14b31 DependenciesID=d057689c475fc8f61c3304dc542c3934 StaticDependenciesID=fe92a2b779dec5c8f4d5aaa0472315f6 
Number of updated asset objects reloaded before import = 0
Number of asset objects unloaded after import = 0
========================================================================
Received Import Request.
  Time of request: 2026-10-05T20:39:56.4197478Z
  Time since last request: 0.0002356 seconds.
  importAddress: GUID: ea491f91a8b84866ad13371715bf90c8 - Path: Packages/com.unity.multiplayer.center/Tests/Editor/LogicTests.cs - Importer: ScriptedImporter/UnityEditor.QuickSearchModule:UnityEditor.Search:ASIAI0B
Importing 'GUID: ea491f91a8b84866ad13371715bf90c8 - Path: Packages/com.unity.multiplayer.center/Tests/Editor/LogicTests.cs - Importer: ScriptedImporter/UnityEditor.QuickSearchModule:UnityEditor.Search:ASIAI0B' with importer (ScriptedImporter : UnityEditor.QuickSearchModule:UnityEditor.Search:ASIAI0B)
Imported 'GUID: ea491f91a8b84866ad13371715bf90c8' -> (Import Result ID: '6fd66459383f7c4fc0c5770c5ee56614') in 0.005 seconds [static and dynamic dependencies]. Details - ImportResultOutputID=d836e9aa77550d46f113a3bfa2afc709 DependenciesID=7f2afba13a56e00c91af188d8dcb0428 StaticDependenciesID=93c5ee8944326fc661df83ccec71a922 
Number of updated asset objects reloaded before import = 0
Number of asset objects unloaded after import = 0
========================================================================
Received Import Request.
  Time of request: 2026-10-05T20:39:56.4252018Z
  Time since last request: 0.0002481 seconds.
  importAddress: GUID: 470a2d15035f44b7b2888a0db0704bff - Path: Packages/com.unity.multiplayer.center/Tests/Editor/TabGroupTests.cs - Importer: ScriptedImporter/UnityEditor.QuickSearchModule:UnityEditor.Search:ASIAI0B
Importing 'GUID: 470a2d15035f44b7b2888a0db0704bff - Path: Packages/com.unity.multiplayer.center/Tests/Editor/TabGroupTests.cs - Importer: ScriptedImporter/UnityEditor.QuickSearchModule:UnityEditor.Search:ASIAI0B' with importer (ScriptedImporter : UnityEditor.QuickSearchModule:UnityEditor.Search:ASIAI0B)
Imported 'GUID: 470a2d15035f44b7b2888a0db0704bff' -> (Import Result ID: '7ec29cad9ddd700283a4062c99ef6b20') in 0.007 seconds [static and dynamic dependencies]. Details - ImportResultOutputID=475ee45f47947525a836968ccd9c5323 DependenciesID=3d1d8d75323ce4afb0ac8446655843c4 StaticDependenciesID=62649842ae29c31d7cd4ba6114379ab6 
Number of updated asset objects reloaded before import = 0
Number of asset objects unloaded after import = 0
========================================================================
Received Import Request.
  Time of request: 2026-10-05T20:39:56.4329697Z
  Time since last request: 0.0002706 seconds.
  importAddress: GUID: 2adffcc506285402aa795dee6f3166d0 - Path: Packages/com.unity.multiplayer.center/Editor/MultiplayerCenterWindow/UI/Icons/EmptyViewIcon@2x.png - Importer: ScriptedImporter/UnityEditor.QuickSearchModule:UnityEditor.Search:ASIAI0B
Importing 'GUID: 2adffcc506285402aa795dee6f3166d0 - Path: Packages/com.unity.multiplayer.center/Editor/MultiplayerCenterWindow/UI/Icons/EmptyViewIcon@2x.png - Importer: ScriptedImporter/UnityEditor.QuickSearchModule:UnityEditor.Search:ASIAI0B' with importer (ScriptedImporter : UnityEditor.QuickSearchModule:UnityEditor.Search:ASIAI0B)
Imported 'GUID: 2adffcc506285402aa795dee6f3166d0' -> (Import Result ID: '790ced7c0ed93786e3b01b233392310c') in 0.010 seconds [static and dynamic dependencies]. Details - ImportResultOutputID=863ca40619d8597f40276a0309eae93c DependenciesID=9c10f783325ab4bcb674d99552082935 StaticDependenciesID=0bacef1520e749616cf5e362a3bae68c 
Number of updated asset objects reloaded before import = 0
Number of asset objects unloaded after import = 1
========================================================================
Received Import Request.
  Time of request: 2026-10-05T20:39:56.4434372Z
  Time since last request: 0.0003779 seconds.
  importAddress: GUID: c7a38e6eccbfc49778cb8b77f594a971 - Path: Packages/com.unity.multiplayer.center/Editor/MultiplayerCenterWindow/UI/Icons/ClientHosted@2x.png - Importer: ScriptedImporter/UnityEditor.QuickSearchModule:UnityEditor.Search:ASIAI0B
Importing 'GUID: c7a38e6eccbfc49778cb8b77f594a971 - Path: Packages/com.unity.multiplayer.center/Editor/MultiplayerCenterWindow/UI/Icons/ClientHosted@2x.png - Importer: ScriptedImporter/UnityEditor.QuickSearchModule:UnityEditor.Search:ASIAI0B' with importer (ScriptedImporter : UnityEditor.QuickSearchModule:UnityEditor.Search:ASIAI0B)
Imported 'GUID: c7a38e6eccbfc49778cb8b77f594a971' -> (Import Result ID: 'e93c1e8444806071c6f2508234e822a4') in 0.010 seconds [static and dynamic dependencies]. Details - ImportResultOutputID=3899b95be77399ef4cbac19f1716218f DependenciesID=bf59a169fc247c5e088c991efe6f5ccd StaticDependenciesID=7687b4e7a78c54aa6a80cbdb018ddd20 
Number of updated asset objects reloaded before import = 0
Number of asset objects unloaded after import = 1
========================================================================
Received Import Request.
  Time of request: 2026-10-05T20:39:56.6233321Z
  Time since last request: 0.1692516 seconds.
  importAddress: GUID: 679f9999c6f8f497e806a2d5d0511879 - Path: Packages/com.unity.multiplayer.center/Editor/MultiplayerCenterWindow/UI/Icons/PackageManager.png - Importer: ScriptedImporter/UnityEditor.QuickSearchModule:UnityEditor.Search:ASIAI0B
Importing 'GUID: 679f9999c6f8f497e806a2d5d0511879 - Path: Packages/com.unity.multiplayer.center/Editor/MultiplayerCenterWindow/UI/Icons/PackageManager.png - Importer: ScriptedImporter/UnityEditor.QuickSearchModule:UnityEditor.Search:ASIAI0B' with importer (ScriptedImporter : UnityEditor.QuickSearchModule:UnityEditor.Search:ASIAI0B)
Imported 'GUID: 679f9999c6f8f497e806a2d5d0511879' -> (Import Result ID: '12c8f0668a6b0e7e370e9e39f07da03f') in 0.010 seconds [static and dynamic dependencies]. Details - ImportResultOutputID=e29a26423b3163f9d7f51cc78b4f7cba DependenciesID=dcf115bdf58ae090652d1fc6729df265 StaticDependenciesID=583aa5f31f73d70eff4bb3713d968ae3 
Number of updated asset objects reloaded before import = 0
Number of asset objects unloaded after import = 1
========================================================================
Received Import Request.
  Time of request: 2026-10-05T20:39:56.633787Z
  Time since last request: 0.0003171 seconds.
  importAddress: GUID: 96d14b71b907bb52333b2886e665aba6 - Path: Packages/com.unity.modules.video/package.json - Importer: ScriptedImporter/UnityEditor.QuickSearchModule:UnityEditor.Search:ASIAI0B
Importing 'GUID: 96d14b71b907bb52333b2886e665aba6 - Path: Packages/com.unity.modules.video/package.json - Importer: ScriptedImporter/UnityEditor.QuickSearchModule:UnityEditor.Search:ASIAI0B' with importer (ScriptedImporter : UnityEditor.QuickSearchModule:UnityEditor.Search:ASIAI0B)
Imported 'GUID: 96d14b71b907bb52333b2886e665aba6' -> (Import Result ID: 'e3bacfe2c9b4dad57dafe84b33a4bd5a') in 0.005 seconds [static and dynamic dependencies]. Details - ImportResultOutputID=069eed67f3a0012eee88b65e767e7d59 DependenciesID=0fe8055ed0c504e918d91399e28235d4 StaticDependenciesID=073931a34670a2b446a70be469f0bdf1 
Number of updated asset objects reloaded before import = 0
Number of asset objects unloaded after import = 1
========================================================================
Received Import Request.
  Time of request: 2026-10-05T20:39:56.6387418Z
  Time since last request: 0.000263 seconds.
  importAddress: GUID: fe6a6957b37b61417b457a1e0541791d - Path: Packages/com.unity.modules.physics2d/package.ModuleCompilationTrigger - Importer: ScriptedImporter/UnityEditor.QuickSearchModule:UnityEditor.Search:ASIAI0B
Importing 'GUID: fe6a6957b37b61417b457a1e0541791d - Path: Packages/com.unity.modules.physics2d/package.ModuleCompilationTrigger - Importer: ScriptedImporter/UnityEditor.QuickSearchModule:UnityEditor.Search:ASIAI0B' with importer (ScriptedImporter : UnityEditor.QuickSearchModule:UnityEditor.Search:ASIAI0B)
Imported 'GUID: fe6a6957b37b61417b457a1e0541791d' -> (Import Result ID: '03c51416ccbdd860933c4d067b8fc08c') in 0.004 seconds [static and dynamic dependencies]. Details - ImportResultOutputID=c1bc0b99c892664d10f59b12a30ce9af DependenciesID=5647ce72b3768bb8c45992f340f20e6e StaticDependenciesID=69dee1165741315e2436e76a95d2009a 
Number of updated asset objects reloaded before import = 0
Number of asset objects unloaded after import = 1
========================================================================
Received Import Request.
  Time of request: 2026-10-05T20:39:56.6431118Z
  Time since last request: 0.0002606 seconds.
  importAddress: GUID: 5262b119dc3e4259a40e6d93c8ea1048 - Path: Packages/com.unity.multiplayer.center/Editor/MultiplayerCenterWindow/UI/RecommendationView/PackageSelectionView.cs - Importer: ScriptedImporter/UnityEditor.QuickSearchModule:UnityEditor.Search:ASIAI0B
Importing 'GUID: 5262b119dc3e4259a40e6d93c8ea1048 - Path: Packages/com.unity.multiplayer.center/Editor/MultiplayerCenterWindow/UI/RecommendationView/PackageSelectionView.cs - Importer: ScriptedImporter/UnityEditor.QuickSearchModule:UnityEditor.Search:ASIAI0B' with importer (ScriptedImporter : UnityEditor.QuickSearchModule:UnityEditor.Search:ASIAI0B)
Imported 'GUID: 5262b119dc3e4259a40e6d93c8ea1048' -> (Import Result ID: '2a8d74c69524e0ccdc4904a5ad751f9f') in 0.004 seconds [static and dynamic dependencies]. Details - ImportResultOutputID=2f8172ad832dea11fef96f30c56ce109 DependenciesID=729b760bc8aba634612d1f08fda328f2 StaticDependenciesID=9ad5c564a8872d555152dd7b27f5a341 
Number of updated asset objects reloaded before import = 0
Number of asset objects unloaded after import = 0
========================================================================
Received Import Request.
  Time of request: 2026-10-05T20:39:56.6479234Z
  Time since last request: 0.0002797 seconds.
  importAddress: GUID: 4745d06d5a7ca576dcf9e5e67b417652 - Path: Packages/com.unity.modules.accessibility/package.ModuleCompilationTrigger - Importer: ScriptedImporter/UnityEditor.QuickSearchModule:UnityEditor.Search:ASIAI0B
Importing 'GUID: 4745d06d5a7ca576dcf9e5e67b417652 - Path: Packages/com.unity.modules.accessibility/package.ModuleCompilationTrigger - Importer: ScriptedImporter/UnityEditor.QuickSearchModule:UnityEditor.Search:ASIAI0B' with importer (ScriptedImporter : UnityEditor.QuickSearchModule:UnityEditor.Search:ASIAI0B)
Imported 'GUID: 4745d06d5a7ca576dcf9e5e67b417652' -> (Import Result ID: 'afbdad3c8a0e3849381f2bb0c759c550') in 0.003 seconds [static and dynamic dependencies]. Details - ImportResultOutputID=75549fe225a9a31af5afc4bf36090af3 DependenciesID=981cd5d76296a12fcfe1d943344811ff StaticDependenciesID=688c0e5efd6dd3e300a07c96635167d9 
Number of updated asset objects reloaded before import = 0
Number of asset objects unloaded after import = 1
========================================================================
Received Import Request.
  Time of request: 2026-10-05T20:39:56.6518409Z
  Time since last request: 0.0002504 seconds.
  importAddress: GUID: f1e4f3f59aa446bfb097357fa8ad4a8b - Path: Packages/com.unity.multiplayer.center/Editor/MultiplayerCenterWindow/UI/RecommendationView/SolutionSelectionView.cs - Importer: ScriptedImporter/UnityEditor.QuickSearchModule:UnityEditor.Search:ASIAI0B
Importing 'GUID: f1e4f3f59aa446bfb097357fa8ad4a8b - Path: Packages/com.unity.multiplayer.center/Editor/MultiplayerCenterWindow/UI/RecommendationView/SolutionSelectionView.cs - Importer: ScriptedImporter/UnityEditor.QuickSearchModule:UnityEditor.Search:ASIAI0B' with importer (ScriptedImporter : UnityEditor.QuickSearchModule:UnityEditor.Search:ASIAI0B)
Imported 'GUID: f1e4f3f59aa446bfb097357fa8ad4a8b' -> (Import Result ID: '18dc4e2ffc561f5523ff0a74773ae820') in 0.005 seconds [static and dynamic dependencies]. Details - ImportResultOutputID=e7936c0f880ad72e4d3388161354cca3 DependenciesID=0ebf98aa4cbfdbea24e41b24657e20e8 StaticDependenciesID=29b9f17b09cf755a8f8616a8d4d607e6 
Number of updated asset objects reloaded before import = 0
Number of asset objects unloaded after import = 0
========================================================================
Received Import Request.
  Time of request: 2026-10-05T20:39:56.6567561Z
  Time since last request: 0.0002709 seconds.
  importAddress: GUID: 9b1a5759726ef9d39a0ab82047b615f1 - Path: Packages/com.unity.modules.hierarchycore/package.json - Importer: ScriptedImporter/UnityEditor.QuickSearchModule:UnityEditor.Search:ASIAI0B
Importing 'GUID: 9b1a5759726ef9d39a0ab82047b615f1 - Path: Packages/com.unity.modules.hierarchycore/package.json - Importer: ScriptedImporter/UnityEditor.QuickSearchModule:UnityEditor.Search:ASIAI0B' with importer (ScriptedImporter : UnityEditor.QuickSearchModule:UnityEditor.Search:ASIAI0B)
Imported 'GUID: 9b1a5759726ef9d39a0ab82047b615f1' -> (Import Result ID: '50d45b0c0b9817ea828303cc457cd9bc') in 0.005 seconds [static and dynamic dependencies]. Details - ImportResultOutputID=6b34a24a48289136db8992089a90c1bd DependenciesID=c909f8c6a65121a971da3658eac7cf7b StaticDependenciesID=c0251f123f56545e175e44a9c3bd92c1 
Number of updated asset objects reloaded before import = 0
Number of asset objects unloaded after import = 1
========================================================================
Received Import Request.
  Time of request: 2026-10-05T20:39:56.6618194Z
  Time since last request: 0.0002627 seconds.
  importAddress: GUID: c82e859b16636ddd2ca4a1f63fd34938 - Path: Packages/com.unity.modules.androidjni/package.ModuleCompilationTrigger - Importer: ScriptedImporter/UnityEditor.QuickSearchModule:UnityEditor.Search:ASIAI0B
Importing 'GUID: c82e859b16636ddd2ca4a1f63fd34938 - Path: Packages/com.unity.modules.androidjni/package.ModuleCompilationTrigger - Importer: ScriptedImporter/UnityEditor.QuickSearchModule:UnityEditor.Search:ASIAI0B' with importer (ScriptedImporter : UnityEditor.QuickSearchModule:UnityEditor.Search:ASIAI0B)
Imported 'GUID: c82e859b16636ddd2ca4a1f63fd34938' -> (Import Result ID: '4947cd6bdf6f3393e3932b5c17c448e7') in 0.002 seconds [static and dynamic dependencies]. Details - ImportResultOutputID=4368c36db9ac75705dd74923a4da9d24 DependenciesID=15ceb2d158639abc81ac6012baab6d32 StaticDependenciesID=3c85765e871405360eb6bfd56717e9d9 
Number of updated asset objects reloaded before import = 0
Number of asset objects unloaded after import = 1
========================================================================
Received Import Request.
  Time of request: 2026-10-05T20:39:56.6644077Z
  Time since last request: 0.0002612 seconds.
  importAddress: GUID: 0423146d9f51c4563a0f2a8200b6cd38 - Path: Packages/com.unity.multiplayer.center/Editor/MultiplayerCenterWindow/UI/Icons/PackageInstalled@2x.png - Importer: ScriptedImporter/UnityEditor.QuickSearchModule:UnityEditor.Search:ASIAI0B
Importing 'GUID: 0423146d9f51c4563a0f2a8200b6cd38 - Path: Packages/com.unity.multiplayer.center/Editor/MultiplayerCenterWindow/UI/Icons/PackageInstalled@2x.png - Importer: ScriptedImporter/UnityEditor.QuickSearchModule:UnityEditor.Search:ASIAI0B' with importer (ScriptedImporter : UnityEditor.QuickSearchModule:UnityEditor.Search:ASIAI0B)
Imported 'GUID: 0423146d9f51c4563a0f2a8200b6cd38' -> (Import Result ID: 'c17df5f817ba6d2e4dc7023067347171') in 0.005 seconds [static and dynamic dependencies]. Details - ImportResultOutputID=c90a0c847c849341eda290b3fea82bd5 DependenciesID=458d3609582f70601b067ba2a696004a StaticDependenciesID=b8b968fc5596f1db774620a7cbbdd8f1 
Number of updated asset objects reloaded before import = 0
Number of asset objects unloaded after import = 1
========================================================================
Received Import Request.
  Time of request: 2026-10-05T20:39:56.669673Z
  Time since last request: 0.0002503 seconds.
  importAddress: GUID: 4c413a81cadcce7038e446e56570117e - Path: Packages/com.unity.modules.adaptiveperformance/package.json - Importer: ScriptedImporter/UnityEditor.QuickSearchModule:UnityEditor.Search:ASIAI0B
Importing 'GUID: 4c413a81cadcce7038e446e56570117e - Path: Packages/com.unity.modules.adaptiveperformance/package.json - Importer: ScriptedImporter/UnityEditor.QuickSearchModule:UnityEditor.Search:ASIAI0B' with importer (ScriptedImporter : UnityEditor.QuickSearchModule:UnityEditor.Search:ASIAI0B)
Imported 'GUID: 4c413a81cadcce7038e446e56570117e' -> (Import Result ID: '2e6a2142a7de4581b7d0cdf5a811b215') in 0.004 seconds [static and dynamic dependencies]. Details - ImportResultOutputID=2061be002f2792e266599def33fa60c9 DependenciesID=0522fdef959f075715f8240f84a74a1c StaticDependenciesID=7940d73867baf2fb14393bf86bb7e0f8 
Number of updated asset objects reloaded before import = 0
Number of asset objects unloaded after import = 1
========================================================================
Received Import Request.
  Time of request: 2026-10-05T20:39:56.6738649Z
  Time since last request: 0.0003364 seconds.
  importAddress: GUID: 8d4bc6bfa28760b29f13174d6b6ea710 - Path: Packages/com.unity.modules.subsystems/package.ModuleCompilationTrigger - Importer: ScriptedImporter/UnityEditor.QuickSearchModule:UnityEditor.Search:ASIAI0B
Importing 'GUID: 8d4bc6bfa28760b29f13174d6b6ea710 - Path: Packages/com.unity.modules.subsystems/package.ModuleCompilationTrigger - Importer: ScriptedImporter/UnityEditor.QuickSearchModule:UnityEditor.Search:ASIAI0B' with importer (ScriptedImporter : UnityEditor.QuickSearchModule:UnityEditor.Search:ASIAI0B)
Imported 'GUID: 8d4bc6bfa28760b29f13174d6b6ea710' -> (Import Result ID: '052c086af717c01e07ebf255969d3cfa') in 0.005 seconds [static and dynamic dependencies]. Details - ImportResultOutputID=0510ff043ad51f0c0fb046367991bdbe DependenciesID=e8246deba088f5278f08ba7a5f1bc462 StaticDependenciesID=569c3bbc6c705a7e74b59b6b04cd2a88 
Number of updated asset objects reloaded before import = 0
Number of asset objects unloaded after import = 1
========================================================================
Received Import Request.
  Time of request: 2026-10-05T20:39:56.6788656Z
  Time since last request: 0.0002785 seconds.
  importAddress: GUID: 082fbee38a82835433261a5e9c00e267 - Path: Packages/com.unity.modules.cloth/package.ModuleCompilationTrigger - Importer: ScriptedImporter/UnityEditor.QuickSearchModule:UnityEditor.Search:ASIAI0B
Importing 'GUID: 082fbee38a82835433261a5e9c00e267 - Path: Packages/com.unity.modules.cloth/package.ModuleCompilationTrigger - Importer: ScriptedImporter/UnityEditor.QuickSearchModule:UnityEditor.Search:ASIAI0B' with importer (ScriptedImporter : UnityEditor.QuickSearchModule:UnityEditor.Search:ASIAI0B)
Imported 'GUID: 082fbee38a82835433261a5e9c00e267' -> (Import Result ID: '375d5f828002b06770eb9eb06d5957e3') in 0.003 seconds [static and dynamic dependencies]. Details - ImportResultOutputID=ae23715cb5524b4e94bac1474aeb8f32 DependenciesID=6c464e779d573d558278c25ac805e934 StaticDependenciesID=88a1ddda8b89766c5359df6f48efd9a6 
Number of updated asset objects reloaded before import = 0
Number of asset objects unloaded after import = 1
========================================================================
Received Import Request.
  Time of request: 2026-10-05T20:39:56.6827763Z
  Time since last request: 0.0002519 seconds.
  importAddress: GUID: 51fa60bb2bd1e5bc74e8cc95a7bfd5b7 - Path: Packages/com.unity.modules.ui/package.ModuleCompilationTrigger - Importer: ScriptedImporter/UnityEditor.QuickSearchModule:UnityEditor.Search:ASIAI0B
Importing 'GUID: 51fa60bb2bd1e5bc74e8cc95a7bfd5b7 - Path: Packages/com.unity.modules.ui/package.ModuleCompilationTrigger - Importer: ScriptedImporter/UnityEditor.QuickSearchModule:UnityEditor.Search:ASIAI0B' with importer (ScriptedImporter : UnityEditor.QuickSearchModule:UnityEditor.Search:ASIAI0B)
Imported 'GUID: 51fa60bb2bd1e5bc74e8cc95a7bfd5b7' -> (Import Result ID: '1ad27bf1e747ef074f1fc1cf3b61cec5') in 0.003 seconds [static and dynamic dependencies]. Details - ImportResultOutputID=f56709e642764fb43e2154ba76ab1322 DependenciesID=597d32e37f6557ebfd049b5460075418 StaticDependenciesID=d430922f28c211a71b68c77eb4a36b35 
Number of updated asset objects reloaded before import = 0
Number of asset objects unloaded after import = 1
========================================================================
Received Import Request.
  Time of request: 2026-10-05T20:39:56.685874Z
  Time since last request: 0.0002933 seconds.
  importAddress: GUID: 424a8de5def3b46dcb08edd00ad1c7bd - Path: Packages/com.unity.multiplayer.center/Editor/MultiplayerCenterWindow/UI/Icons/Loading.png - Importer: ScriptedImporter/UnityEditor.QuickSearchModule:UnityEditor.Search:ASIAI0B
Importing 'GUID: 424a8de5def3b46dcb08edd00ad1c7bd - Path: Packages/com.unity.multiplayer.center/Editor/MultiplayerCenterWindow/UI/Icons/Loading.png - Importer: ScriptedImporter/UnityEditor.QuickSearchModule:UnityEditor.Search:ASIAI0B' with importer (ScriptedImporter : UnityEditor.QuickSearchModule:UnityEditor.Search:ASIAI0B)
Imported 'GUID: 424a8de5def3b46dcb08edd00ad1c7bd' -> (Import Result ID: 'b146e3deaf9d8167174c81cccb7ef081') in 0.005 seconds [static and dynamic dependencies]. Details - ImportResultOutputID=eed1e58f7eb373ade7fb14938d48d523 DependenciesID=9c9e1147231a76a1e866d51c75c4964b StaticDependenciesID=a113de49139d94e7b3d884910f075426 
Number of updated asset objects reloaded before import = 0
Number of asset objects unloaded after import = 1
========================================================================
Received Import Request.
  Time of request: 2026-10-05T20:39:56.6913501Z
  Time since last request: 0.0002782 seconds.
  importAddress: GUID: 17f093324b67f5bd57e55b546736750e - Path: Packages/com.unity.modules.particlesystem/package.ModuleCompilationTrigger - Importer: ScriptedImporter/UnityEditor.QuickSearchModule:UnityEditor.Search:ASIAI0B
Importing 'GUID: 17f093324b67f5bd57e55b546736750e - Path: Packages/com.unity.modules.particlesystem/package.ModuleCompilationTrigger - Importer: ScriptedImporter/UnityEditor.QuickSearchModule:UnityEditor.Search:ASIAI0B' with importer (ScriptedImporter : UnityEditor.QuickSearchModule:UnityEditor.Search:ASIAI0B)
Imported 'GUID: 17f093324b67f5bd57e55b546736750e' -> (Import Result ID: 'df1a71dd1077a3940721a707d129afe7') in 0.003 seconds [static and dynamic dependencies]. Details - ImportResultOutputID=ed78a5e883304ba63dac03a4bc9dbd47 DependenciesID=9e7418bc7662d7a179d81afc10ffa9dd StaticDependenciesID=43d1286c8a495a5366ac3881b722e1a0 
Number of updated asset objects reloaded before import = 0
Number of asset objects unloaded after import = 1
========================================================================
Received Import Request.
  Time of request: 2026-10-05T20:39:56.6948666Z
  Time since last request: 0.0002715 seconds.
  importAddress: GUID: 87d720faa37005c08600090e04d8c739 - Path: Packages/com.unity.modules.particlesystem/package.json - Importer: ScriptedImporter/UnityEditor.QuickSearchModule:UnityEditor.Search:ASIAI0B
Importing 'GUID: 87d720faa37005c08600090e04d8c739 - Path: Packages/com.unity.modules.particlesystem/package.json - Importer: ScriptedImporter/UnityEditor.QuickSearchModule:UnityEditor.Search:ASIAI0B' with importer (ScriptedImporter : UnityEditor.QuickSearchModule:UnityEditor.Search:ASIAI0B)
Imported 'GUID: 87d720faa37005c08600090e04d8c739' -> (Import Result ID: 'b3719223f65c0c86ef8f64bf7e212022') in 0.004 seconds [static and dynamic dependencies]. Details - ImportResultOutputID=c49e8e578e43dff1854b9932e218103e DependenciesID=16601a0d583a68121c247125436b68be StaticDependenciesID=5ede4ba35b12b052d735c01b212ebba6 
Number of updated asset objects reloaded before import = 0
Number of asset objects unloaded after import = 1
========================================================================
Received Import Request.
  Time of request: 2026-10-05T20:39:56.6996456Z
  Time since last request: 0.0002775 seconds.
  importAddress: GUID: 83b28bcaaf34b4fd580114fb05d9f160 - Path: Packages/com.unity.multiplayer.center/Editor/MultiplayerCenterWindow/UI/Icons/NGO@2x.png - Importer: ScriptedImporter/UnityEditor.QuickSearchModule:UnityEditor.Search:ASIAI0B
Importing 'GUID: 83b28bcaaf34b4fd580114fb05d9f160 - Path: Packages/com.unity.multiplayer.center/Editor/MultiplayerCenterWindow/UI/Icons/NGO@2x.png - Importer: ScriptedImporter/UnityEditor.QuickSearchModule:UnityEditor.Search:ASIAI0B' with importer (ScriptedImporter : UnityEditor.QuickSearchModule:UnityEditor.Search:ASIAI0B)
Imported 'GUID: 83b28bcaaf34b4fd580114fb05d9f160' -> (Import Result ID: 'c81bd4220a3532378d3b087ffdfd8ef9') in 0.008 seconds [static and dynamic dependencies]. Details - ImportResultOutputID=2c5a79b20f86cc3b83a6bd16a94184f6 DependenciesID=8513c83985a9ffebadc1da35fa09b04b StaticDependenciesID=186a0fb58d5f65b966ba7a09d7a76845 
Number of updated asset objects reloaded before import = 0
Number of asset objects unloaded after import = 1
========================================================================
Received Import Request.
  Time of request: 2026-10-05T20:39:56.7078343Z
  Time since last request: 0.000286 seconds.
  importAddress: GUID: e2d09a26ce46dc617b54e49a534ace20 - Path: Packages/com.unity.modules.ai/package.ModuleCompilationTrigger - Importer: ScriptedImporter/UnityEditor.QuickSearchModule:UnityEditor.Search:ASIAI0B
Importing 'GUID: e2d09a26ce46dc617b54e49a534ace20 - Path: Packages/com.unity.modules.ai/package.ModuleCompilationTrigger - Importer: ScriptedImporter/UnityEditor.QuickSearchModule:UnityEditor.Search:ASIAI0B' with importer (ScriptedImporter : UnityEditor.QuickSearchModule:UnityEditor.Search:ASIAI0B)
Imported 'GUID: e2d09a26ce46dc617b54e49a534ace20' -> (Import Result ID: 'b9b06de11876c5f9e58afd5cf3441d17') in 0.003 seconds [static and dynamic dependencies]. Details - ImportResultOutputID=e5ca8c3813d39b6f046b8468affd6791 DependenciesID=1035214cb823621b25616822e4193abb StaticDependenciesID=de0e16b6698c943820e262034e0a0b92 
Number of updated asset objects reloaded before import = 0
Number of asset objects unloaded after import = 1
========================================================================
Received Import Request.
  Time of request: 2026-10-05T20:39:56.7114049Z
  Time since last request: 0.000277 seconds.
  importAddress: GUID: c88e90bad18cceb5d182d0c805883056 - Path: Packages/com.unity.modules.director/package.ModuleCompilationTrigger - Importer: ScriptedImporter/UnityEditor.QuickSearchModule:UnityEditor.Search:ASIAI0B
Importing 'GUID: c88e90bad18cceb5d182d0c805883056 - Path: Packages/com.unity.modules.director/package.ModuleCompilationTrigger - Importer: ScriptedImporter/UnityEditor.QuickSearchModule:UnityEditor.Search:ASIAI0B' with importer (ScriptedImporter : UnityEditor.QuickSearchModule:UnityEditor.Search:ASIAI0B)
Imported 'GUID: c88e90bad18cceb5d182d0c805883056' -> (Import Result ID: '4088d2db456a891fc9db94aa8e5a3d61') in 0.003 seconds [static and dynamic dependencies]. Details - ImportResultOutputID=07c1d61879bdd9626a97e5a88fc92a01 DependenciesID=661a6a9167d205b7fec5f802ed56672d StaticDependenciesID=b9553544096cd428095952b321ff59d9 
Number of updated asset objects reloaded before import = 0
Number of asset objects unloaded after import = 1
========================================================================
Received Import Request.
  Time of request: 2026-10-05T20:39:56.7146853Z
  Time since last request: 0.0002331 seconds.
  importAddress: GUID: dd70cd654275d47db807e918055e004f - Path: Packages/com.unity.multiplayer.center/Editor/MultiplayerCenterWindow/UI/Icons/Questionnaire.png - Importer: ScriptedImporter/UnityEditor.QuickSearchModule:UnityEditor.Search:ASIAI0B
Importing 'GUID: dd70cd654275d47db807e918055e004f - Path: Packages/com.unity.multiplayer.center/Editor/MultiplayerCenterWindow/UI/Icons/Questionnaire.png - Importer: ScriptedImporter/UnityEditor.QuickSearchModule:UnityEditor.Search:ASIAI0B' with importer (ScriptedImporter : UnityEditor.QuickSearchModule:UnityEditor.Search:ASIAI0B)
Imported 'GUID: dd70cd654275d47db807e918055e004f' -> (Import Result ID: '224fe18714e9631d09eedeaf298fae60') in 0.008 seconds [static and dynamic dependencies]. Details - ImportResultOutputID=298d7c80fe0abd31e52ea4f88f9edde6 DependenciesID=5da5327a5040e98d13540d01071e51a4 StaticDependenciesID=f540ff7dd05132686cedd5dd4610aefe 
Number of updated asset objects reloaded before import = 0
Number of asset objects unloaded after import = 1
========================================================================
Received Import Request.
  Time of request: 2026-10-05T20:39:56.7232094Z
  Time since last request: 0.0002874 seconds.
  importAddress: GUID: 906c12bc9cd95d3963c6d58f62522c78 - Path: Packages/com.unity.modules.cloth/package.json - Importer: ScriptedImporter/UnityEditor.QuickSearchModule:UnityEditor.Search:ASIAI0B
Importing 'GUID: 906c12bc9cd95d3963c6d58f62522c78 - Path: Packages/com.unity.modules.cloth/package.json - Importer: ScriptedImporter/UnityEditor.QuickSearchModule:UnityEditor.Search:ASIAI0B' with importer (ScriptedImporter : UnityEditor.QuickSearchModule:UnityEditor.Search:ASIAI0B)
Imported 'GUID: 906c12bc9cd95d3963c6d58f62522c78' -> (Import Result ID: 'cbc657370b07bc5dad8a26fb6d25579a') in 0.005 seconds [static and dynamic dependencies]. Details - ImportResultOutputID=7dcb49cc9ddc0a3e1f4c5edea289431d DependenciesID=5af902cac4117455f8eef68c527b4efa StaticDependenciesID=8b26a6fd47f8403fbc39887a08c6c291 
Number of updated asset objects reloaded before import = 0
Number of asset objects unloaded after import = 1
========================================================================
Received Import Request.
  Time of request: 2026-10-05T20:39:56.7284999Z
  Time since last request: 0.0003061 seconds.
  importAddress: GUID: a2c71c02b50345e99168bda191ec01b4 - Path: Packages/com.unity.multiplayer.center/Editor/MultiplayerCenterWindow/UI/RecommendationView/RecommendationView.cs - Importer: ScriptedImporter/UnityEditor.QuickSearchModule:UnityEditor.Search:ASIAI0B
Importing 'GUID: a2c71c02b50345e99168bda191ec01b4 - Path: Packages/com.unity.multiplayer.center/Editor/MultiplayerCenterWindow/UI/RecommendationView/RecommendationView.cs - Importer: ScriptedImporter/UnityEditor.QuickSearchModule:UnityEditor.Search:ASIAI0B' with importer (ScriptedImporter : UnityEditor.QuickSearchModule:UnityEditor.Search:ASIAI0B)
Imported 'GUID: a2c71c02b50345e99168bda191ec01b4' -> (Import Result ID: 'a4c7f8ecca2ede491010d5f8f9869c54') in 0.003 seconds [static and dynamic dependencies]. Details - ImportResultOutputID=d87f09c98616908b6526b37b4474b48c DependenciesID=2570c5d370ac8985113efb3e03ff846b StaticDependenciesID=c25869886ab8186974bc707f6a32a844 
Number of updated asset objects reloaded before import = 0
Number of asset objects unloaded after import = 0
========================================================================
Received Import Request.
  Time of request: 2026-10-05T20:39:56.7317305Z
  Time since last request: 0.0002852 seconds.
  importAddress: GUID: 1af35a910338381f753e8a985eb5daab - Path: Packages/com.unity.modules.adaptiveperformance/package.ModuleCompilationTrigger - Importer: ScriptedImporter/UnityEditor.QuickSearchModule:UnityEditor.Search:ASIAI0B
Importing 'GUID: 1af35a910338381f753e8a985eb5daab - Path: Packages/com.unity.modules.adaptiveperformance/package.ModuleCompilationTrigger - Importer: ScriptedImporter/UnityEditor.QuickSearchModule:UnityEditor.Search:ASIAI0B' with importer (ScriptedImporter : UnityEditor.QuickSearchModule:UnityEditor.Search:ASIAI0B)
Imported 'GUID: 1af35a910338381f753e8a985eb5daab' -> (Import Result ID: '250565e74b63c2099e6f9c1f90c6f26e') in 0.004 seconds [static and dynamic dependencies]. Details - ImportResultOutputID=ea5b1640c0c08c2cf00420de62576dc1 DependenciesID=045fa7ad7781343838abebca4d4ec0ea StaticDependenciesID=8189203b1cab84e876f3f0a02e2b20da 
Number of updated asset objects reloaded before import = 0
Number of asset objects unloaded after import = 1
========================================================================
Received Import Request.
  Time of request: 2026-10-05T20:39:56.7360927Z
  Time since last request: 0.0003688 seconds.
  importAddress: GUID: 43674d438e19b89d7fe6af07234f3252 - Path: Packages/com.unity.modules.accessibility/package.json - Importer: ScriptedImporter/UnityEditor.QuickSearchModule:UnityEditor.Search:ASIAI0B
Importing 'GUID: 43674d438e19b89d7fe6af07234f3252 - Path: Packages/com.unity.modules.accessibility/package.json - Importer: ScriptedImporter/UnityEditor.QuickSearchModule:UnityEditor.Search:ASIAI0B' with importer (ScriptedImporter : UnityEditor.QuickSearchModule:UnityEditor.Search:ASIAI0B)
Imported 'GUID: 43674d438e19b89d7fe6af07234f3252' -> (Import Result ID: '7db5ab8be494d130e9b384a1a801e4ea') in 0.004 seconds [static and dynamic dependencies]. Details - ImportResultOutputID=3a8086646a127319d43e90df83377d8d DependenciesID=05e43597791aae7eff98c559906b51b0 StaticDependenciesID=037655a9c50dc1bb97a2cc078a92fcf1 
Number of updated asset objects reloaded before import = 0
Number of asset objects unloaded after import = 1
========================================================================
Received Import Request.
  Time of request: 2026-10-05T20:39:56.7408873Z
  Time since last request: 0.0002913 seconds.
  importAddress: GUID: 2adec19fac7df68adf1fd6eb83197bb1 - Path: Packages/com.unity.modules.wind/package.ModuleCompilationTrigger - Importer: ScriptedImporter/UnityEditor.QuickSearchModule:UnityEditor.Search:ASIAI0B
Importing 'GUID: 2adec19fac7df68adf1fd6eb83197bb1 - Path: Packages/com.unity.modules.wind/package.ModuleCompilationTrigger - Importer: ScriptedImporter/UnityEditor.QuickSearchModule:UnityEditor.Search:ASIAI0B' with importer (ScriptedImporter : UnityEditor.QuickSearchModule:UnityEditor.Search:ASIAI0B)
Imported 'GUID: 2adec19fac7df68adf1fd6eb83197bb1' -> (Import Result ID: '77613958a80d029863f6016b51bdbe9c') in 0.005 seconds [static and dynamic dependencies]. Details - ImportResultOutputID=5eebab014677e65bbfe0ab7978072165 DependenciesID=28278c9ceb0a6a617e556612d76e1fe8 StaticDependenciesID=958681de67dfe767159dedd7d55526a9 
Number of updated asset objects reloaded before import = 0
Number of asset objects unloaded after import = 1
========================================================================
Received Import Request.
  Time of request: 2026-10-05T20:39:56.7462141Z
  Time since last request: 0.000289 seconds.
  importAddress: GUID: bfd567a3d1631a761bca9e99fa53d86d - Path: Packages/com.unity.modules.ui/package.json - Importer: ScriptedImporter/UnityEditor.QuickSearchModule:UnityEditor.Search:ASIAI0B
Importing 'GUID: bfd567a3d1631a761bca9e99fa53d86d - Path: Packages/com.unity.modules.ui/package.json - Importer: ScriptedImporter/UnityEditor.QuickSearchModule:UnityEditor.Search:ASIAI0B' with importer (ScriptedImporter : UnityEditor.QuickSearchModule:UnityEditor.Search:ASIAI0B)
Imported 'GUID: bfd567a3d1631a761bca9e99fa53d86d' -> (Import Result ID: '1de6f3a1e825a4a3d28fca209355944d') in 0.007 seconds [static and dynamic dependencies]. Details - ImportResultOutputID=a8500fbe6b0edb15a7fd516b5edd7563 DependenciesID=81cf9cca0b0c4b51d58de28dc4cb993b StaticDependenciesID=eb56d7a43481864f19527ece3cab670b 
Number of updated asset objects reloaded before import = 0
Number of asset objects unloaded after import = 1
========================================================================
Received Import Request.
  Time of request: 2026-10-05T20:39:56.7541264Z
  Time since last request: 0.0002895 seconds.
  importAddress: GUID: d104359075a97392b803d3d5aebc77f7 - Path: Packages/com.unity.modules.hierarchycore/package.ModuleCompilationTrigger - Importer: ScriptedImporter/UnityEditor.QuickSearchModule:UnityEditor.Search:ASIAI0B
Importing 'GUID: d104359075a97392b803d3d5aebc77f7 - Path: Packages/com.unity.modules.hierarchycore/package.ModuleCompilationTrigger - Importer: ScriptedImporter/UnityEditor.QuickSearchModule:UnityEditor.Search:ASIAI0B' with importer (ScriptedImporter : UnityEditor.QuickSearchModule:UnityEditor.Search:ASIAI0B)
Imported 'GUID: d104359075a97392b803d3d5aebc77f7' -> (Import Result ID: '0a9ed967e52e7418604c88ef05e6300d') in 0.003 seconds [static and dynamic dependencies]. Details - ImportResultOutputID=719e689276538345c061a7293233dfa2 DependenciesID=83184813ffa13f062e2fc2ca9b238ad7 StaticDependenciesID=777bf9f5a809c118b4172931b316133a 
Number of updated asset objects reloaded before import = 0
Number of asset objects unloaded after import = 1
========================================================================
Received Import Request.
  Time of request: 2026-10-05T20:39:56.7576492Z
  Time since last request: 0.0003761 seconds.
  importAddress: GUID: f62135e79edb837b2d2ee3c524da864c - Path: Packages/com.unity.modules.video/package.ModuleCompilationTrigger - Importer: ScriptedImporter/UnityEditor.QuickSearchModule:UnityEditor.Search:ASIAI0B
Importing 'GUID: f62135e79edb837b2d2ee3c524da864c - Path: Packages/com.unity.modules.video/package.ModuleCompilationTrigger - Importer: ScriptedImporter/UnityEditor.QuickSearchModule:UnityEditor.Search:ASIAI0B' with importer (ScriptedImporter : UnityEditor.QuickSearchModule:UnityEditor.Search:ASIAI0B)
Imported 'GUID: f62135e79edb837b2d2ee3c524da864c' -> (Import Result ID: '86b3a884f73784657b13cf04d83ffa3e') in 0.003 seconds [static and dynamic dependencies]. Details - ImportResultOutputID=ca734ef8f177816e2d2cb134bef4122c DependenciesID=706c3af2c691725a8b7b6aee4b13403a StaticDependenciesID=77f880c9639ef67321a05e3418e574a7 
Number of updated asset objects reloaded before import = 0
Number of asset objects unloaded after import = 1
========================================================================
Received Import Request.
  Time of request: 2026-10-05T20:39:56.7614248Z
  Time since last request: 0.0002937 seconds.
  importAddress: GUID: 4616b2fa4acd1429e931835b80966c2a - Path: Packages/com.unity.multiplayer.center/Editor/MultiplayerCenterWindow/UI/Icons/PackageInstalled.png - Importer: ScriptedImporter/UnityEditor.QuickSearchModule:UnityEditor.Search:ASIAI0B
Importing 'GUID: 4616b2fa4acd1429e931835b80966c2a - Path: Packages/com.unity.multiplayer.center/Editor/MultiplayerCenterWindow/UI/Icons/PackageInstalled.png - Importer: ScriptedImporter/UnityEditor.QuickSearchModule:UnityEditor.Search:ASIAI0B' with importer (ScriptedImporter : UnityEditor.QuickSearchModule:UnityEditor.Search:ASIAI0B)
Imported 'GUID: 4616b2fa4acd1429e931835b80966c2a' -> (Import Result ID: '1021f0ddaea3cac9d144b101fdd853cc') in 0.007 seconds [static and dynamic dependencies]. Details - ImportResultOutputID=29caf1a0601135b99c5ea845b191933a DependenciesID=112aea884fe5abdbb817c5b697986204 StaticDependenciesID=a41e42d29cc9b29a4873d0074c0d3770 
Number of updated asset objects reloaded before import = 0
Number of asset objects unloaded after import = 1
========================================================================
Received Import Request.
  Time of request: 2026-10-05T20:39:56.7690899Z
  Time since last request: 0.0002915 seconds.
  importAddress: GUID: f7a8357347c80dc69c08d0b1a05e2122 - Path: Packages/com.unity.modules.physics2d/package.json - Importer: ScriptedImporter/UnityEditor.QuickSearchModule:UnityEditor.Search:ASIAI0B
Importing 'GUID: f7a8357347c80dc69c08d0b1a05e2122 - Path: Packages/com.unity.modules.physics2d/package.json - Importer: ScriptedImporter/UnityEditor.QuickSearchModule:UnityEditor.Search:ASIAI0B' with importer (ScriptedImporter : UnityEditor.QuickSearchModule:UnityEditor.Search:ASIAI0B)
Imported 'GUID: f7a8357347c80dc69c08d0b1a05e2122' -> (Import Result ID: '22c4b9468a412ef8dc9349aa3ac27b0b') in 0.005 seconds [static and dynamic dependencies]. Details - ImportResultOutputID=54fe505ca7b475359e60a3b7a8a20bd1 DependenciesID=9ccd2045371a0cad3ea3a29568ee3c14 StaticDependenciesID=99e97b2da3a6c93e6e8d10ac4c913cff 
Number of updated asset objects reloaded before import = 0
Number of asset objects unloaded after import = 1
========================================================================
Received Import Request.
  Time of request: 2026-10-05T20:39:56.7741652Z
  Time since last request: 0.0002634 seconds.
  importAddress: GUID: 05f7f519769978b79b31d063a7fc6fa1 - Path: Packages/com.unity.modules.unitywebrequestassetbundle/package.json - Importer: ScriptedImporter/UnityEditor.QuickSearchModule:UnityEditor.Search:ASIAI0B
Importing 'GUID: 05f7f519769978b79b31d063a7fc6fa1 - Path: Packages/com.unity.modules.unitywebrequestassetbundle/package.json - Importer: ScriptedImporter/UnityEditor.QuickSearchModule:UnityEditor.Search:ASIAI0B' with importer (ScriptedImporter : UnityEditor.QuickSearchModule:UnityEditor.Search:ASIAI0B)
Imported 'GUID: 05f7f519769978b79b31d063a7fc6fa1' -> (Import Result ID: 'be21d32433a8e5d0b4c350a448c01c6d') in 0.007 seconds [static and dynamic dependencies]. Details - ImportResultOutputID=0e2ff3776fc52245ebcbac3adc681679 DependenciesID=951c33b8d7927e4ca72361149b13434e StaticDependenciesID=72deb678d61652e5c51ef7d01fbf0602 
Number of updated asset objects reloaded before import = 0
Number of asset objects unloaded after import = 1
========================================================================
Received Import Request.
  Time of request: 2026-10-05T20:39:56.7815625Z
  Time since last request: 0.0003182 seconds.
  importAddress: GUID: e9669051ff70449b5923861e0e0b8838 - Path: Packages/com.unity.multiplayer.center/Editor/MultiplayerCenterWindow/UI/Icons/N4E.png - Importer: ScriptedImporter/UnityEditor.QuickSearchModule:UnityEditor.Search:ASIAI0B
Importing 'GUID: e9669051ff70449b5923861e0e0b8838 - Path: Packages/com.unity.multiplayer.center/Editor/MultiplayerCenterWindow/UI/Icons/N4E.png - Importer: ScriptedImporter/UnityEditor.QuickSearchModule:UnityEditor.Search:ASIAI0B' with importer (ScriptedImporter : UnityEditor.QuickSearchModule:UnityEditor.Search:ASIAI0B)
Imported 'GUID: e9669051ff70449b5923861e0e0b8838' -> (Import Result ID: 'f62da0d97fe5754c700eef7b5bf15be2') in 0.013 seconds [static and dynamic dependencies]. Details - ImportResultOutputID=956bd2b5bce4f79f7590be32ab1719af DependenciesID=e720f457198695aa2b03f2888f1e1351 StaticDependenciesID=7e943d6bfe3718c548bd7a4742ae247a 
Number of updated asset objects reloaded before import = 0
Number of asset objects unloaded after import = 1
========================================================================
Received Import Request.
  Time of request: 2026-10-05T20:39:56.7947695Z
  Time since last request: 0.0002859 seconds.
  importAddress: GUID: 5c1ee4056d0ac7ad3c5a16597fcaa38a - Path: Packages/com.unity.modules.physics/package.ModuleCompilationTrigger - Importer: ScriptedImporter/UnityEditor.QuickSearchModule:UnityEditor.Search:ASIAI0B
Importing 'GUID: 5c1ee4056d0ac7ad3c5a16597fcaa38a - Path: Packages/com.unity.modules.physics/package.ModuleCompilationTrigger - Importer: ScriptedImporter/UnityEditor.QuickSearchModule:UnityEditor.Search:ASIAI0B' with importer (ScriptedImporter : UnityEditor.QuickSearchModule:UnityEditor.Search:ASIAI0B)
Imported 'GUID: 5c1ee4056d0ac7ad3c5a16597fcaa38a' -> (Import Result ID: 'df4029aa18b43c84b414564f6dd41861') in 0.003 seconds [static and dynamic dependencies]. Details - ImportResultOutputID=027ec66fc617560943b8239d8cdf8af8 DependenciesID=cb934ef64b91b7f8225d1238d072ad7a StaticDependenciesID=a840f9a988ea0c472996846c059a3e0b 
Number of updated asset objects reloaded before import = 0
Number of asset objects unloaded after import = 1
========================================================================
Received Import Request.
  Time of request: 2026-10-05T20:39:56.7977278Z
  Time since last request: 0.000214 seconds.
  importAddress: GUID: 1daed49eec0f94f7ebb36dfef6159884 - Path: Packages/com.unity.multiplayer.center/Editor/MultiplayerCenterWindow/UI/Icons/NoNetcode.png - Importer: ScriptedImporter/UnityEditor.QuickSearchModule:UnityEditor.Search:ASIAI0B
Importing 'GUID: 1daed49eec0f94f7ebb36dfef6159884 - Path: Packages/com.unity.multiplayer.center/Editor/MultiplayerCenterWindow/UI/Icons/NoNetcode.png - Importer: ScriptedImporter/UnityEditor.QuickSearchModule:UnityEditor.Search:ASIAI0B' with importer (ScriptedImporter : UnityEditor.QuickSearchModule:UnityEditor.Search:ASIAI0B)
Imported 'GUID: 1daed49eec0f94f7ebb36dfef6159884' -> (Import Result ID: 'ca705f90ce06f24207a71e8664e2c067') in 0.009 seconds [static and dynamic dependencies]. Details - ImportResultOutputID=8e65bb69f969b3a945d74de8e7b8529f DependenciesID=ddba7cb5225ced0fe1c3f932846608e6 StaticDependenciesID=d37b9b0318743a3888abd2461e39d199 
Number of updated asset objects reloaded before import = 0
Number of asset objects unloaded after import = 1
========================================================================
Received Import Request.
  Time of request: 2026-10-05T20:39:56.8069873Z
  Time since last request: 0.0002547 seconds.
  importAddress: GUID: e5c46c19ce0ce2e0103aa6f82df1043a - Path: Packages/com.unity.modules.vehicles/package.ModuleCompilationTrigger - Importer: ScriptedImporter/UnityEditor.QuickSearchModule:UnityEditor.Search:ASIAI0B
Importing 'GUID: e5c46c19ce0ce2e0103aa6f82df1043a - Path: Packages/com.unity.modules.vehicles/package.ModuleCompilationTrigger - Importer: ScriptedImporter/UnityEditor.QuickSearchModule:UnityEditor.Search:ASIAI0B' with importer (ScriptedImporter : UnityEditor.QuickSearchModule:UnityEditor.Search:ASIAI0B)
Imported 'GUID: e5c46c19ce0ce2e0103aa6f82df1043a' -> (Import Result ID: '6e9df1d06a5408271a7e58b64dcb9b10') in 0.004 seconds [static and dynamic dependencies]. Details - ImportResultOutputID=f64bb95b75cf63cd9ed4eb80c5f8f830 DependenciesID=ef1dece6946ff18201b056891752ca42 StaticDependenciesID=d9e265e50840c485b23c82ea55fd048f 
Number of updated asset objects reloaded before import = 0
Number of asset objects unloaded after import = 1
========================================================================
Received Import Request.
  Time of request: 2026-10-05T20:39:56.8118143Z
  Time since last request: 0.0002821 seconds.
  importAddress: GUID: 830a36a23cf3ab1e61fa47940a6dc35e - Path: Packages/com.unity.modules.imageconversion/package.ModuleCompilationTrigger - Importer: ScriptedImporter/UnityEditor.QuickSearchModule:UnityEditor.Search:ASIAI0B
Importing 'GUID: 830a36a23cf3ab1e61fa47940a6dc35e - Path: Packages/com.unity.modules.imageconversion/package.ModuleCompilationTrigger - Importer: ScriptedImporter/UnityEditor.QuickSearchModule:UnityEditor.Search:ASIAI0B' with importer (ScriptedImporter : UnityEditor.QuickSearchModule:UnityEditor.Search:ASIAI0B)
Imported 'GUID: 830a36a23cf3ab1e61fa47940a6dc35e' -> (Import Result ID: '9842485732191aec11ef8b7d4d451fda') in 0.006 seconds [static and dynamic dependencies]. Details - ImportResultOutputID=07c73e9317828585736423078b7685ff DependenciesID=38cf82cb7ffa21beb1715c9f32c5d883 StaticDependenciesID=3b9ee5531ac2f847fc383679976b6cdb 
Number of updated asset objects reloaded before import = 0
Number of asset objects unloaded after import = 1
========================================================================
Received Import Request.
  Time of request: 2026-10-05T20:39:56.8182368Z
  Time since last request: 0.000255 seconds.
  importAddress: GUID: db8e609a39b9b231fccc54e5fa4cbd1b - Path: Packages/com.unity.modules.animation/package.ModuleCompilationTrigger - Importer: ScriptedImporter/UnityEditor.QuickSearchModule:UnityEditor.Search:ASIAI0B
Importing 'GUID: db8e609a39b9b231fccc54e5fa4cbd1b - Path: Packages/com.unity.modules.animation/package.ModuleCompilationTrigger - Importer: ScriptedImporter/UnityEditor.QuickSearchModule:UnityEditor.Search:ASIAI0B' with importer (ScriptedImporter : UnityEditor.QuickSearchModule:UnityEditor.Search:ASIAI0B)
Imported 'GUID: db8e609a39b9b231fccc54e5fa4cbd1b' -> (Import Result ID: 'eb4b918cf63a5e96ac2e8512f4698f05') in 0.008 seconds [static and dynamic dependencies]. Details - ImportResultOutputID=02e2f9b7e12183d453ea21db9ac1eb4d DependenciesID=bbd9936e29c923d86187d9f4a6f6d835 StaticDependenciesID=18c559ea1b684bdd6c130f5af90cb966 
Number of updated asset objects reloaded before import = 0
Number of asset objects unloaded after import = 1
========================================================================
Received Import Request.
  Time of request: 2026-10-05T20:39:56.8265799Z
  Time since last request: 0.0003866 seconds.
  importAddress: GUID: 953fab16d15d5885b3600fcd6388b2ad - Path: Packages/com.unity.modules.imageconversion/package.json - Importer: ScriptedImporter/UnityEditor.QuickSearchModule:UnityEditor.Search:ASIAI0B
Importing 'GUID: 953fab16d15d5885b3600fcd6388b2ad - Path: Packages/com.unity.modules.imageconversion/package.json - Importer: ScriptedImporter/UnityEditor.QuickSearchModule:UnityEditor.Search:ASIAI0B' with importer (ScriptedImporter : UnityEditor.QuickSearchModule:UnityEditor.Search:ASIAI0B)
Imported 'GUID: 953fab16d15d5885b3600fcd6388b2ad' -> (Import Result ID: '7bd347b28b78f6a9b3e5ea57bf8f89cf') in 0.007 seconds [static and dynamic dependencies]. Details - ImportResultOutputID=2bdf9eb7229714f8ae7d7526a9aaeb70 DependenciesID=564154946aa208f8717234d5aa58cfc6 StaticDependenciesID=1cdad6f07a9b9deaa88a0817f342f551 
Number of updated asset objects reloaded before import = 0
Number of asset objects unloaded after import = 1
========================================================================
Received Import Request.
  Time of request: 2026-10-05T20:39:56.8345173Z
  Time since last request: 0.0002829 seconds.
  importAddress: GUID: 1a4266815e998967becf686f9c71f0a6 - Path: Packages/com.unity.modules.physics/package.json - Importer: ScriptedImporter/UnityEditor.QuickSearchModule:UnityEditor.Search:ASIAI0B
Importing 'GUID: 1a4266815e998967becf686f9c71f0a6 - Path: Packages/com.unity.modules.physics/package.json - Importer: ScriptedImporter/UnityEditor.QuickSearchModule:UnityEditor.Search:ASIAI0B' with importer (ScriptedImporter : UnityEditor.QuickSearchModule:UnityEditor.Search:ASIAI0B)
Imported 'GUID: 1a4266815e998967becf686f9c71f0a6' -> (Import Result ID: '57be5394a0da7c2411459e2e55803a6f') in 0.005 seconds [static and dynamic dependencies]. Details - ImportResultOutputID=d1f9f0e8c21d612dad2f9e02a13d34a7 DependenciesID=95b674003f4c756a7acade05afc5a3dc StaticDependenciesID=274dac7d81e2b3adde6dd4102751edd5 
Number of updated asset objects reloaded before import = 0
Number of asset objects unloaded after import = 1
========================================================================
Received Import Request.
  Time of request: 2026-10-05T20:39:56.8403839Z
  Time since last request: 0.0003391 seconds.
  importAddress: GUID: 6afb166a156df2d20433d981f4bb2832 - Path: Packages/com.unity.modules.vehicles/package.json - Importer: ScriptedImporter/UnityEditor.QuickSearchModule:UnityEditor.Search:ASIAI0B
Importing 'GUID: 6afb166a156df2d20433d981f4bb2832 - Path: Packages/com.unity.modules.vehicles/package.json - Importer: ScriptedImporter/UnityEditor.QuickSearchModule:UnityEditor.Search:ASIAI0B' with importer (ScriptedImporter : UnityEditor.QuickSearchModule:UnityEditor.Search:ASIAI0B)
Imported 'GUID: 6afb166a156df2d20433d981f4bb2832' -> (Import Result ID: 'e870f2423770230b77d281d8bbc1b643') in 0.005 seconds [static and dynamic dependencies]. Details - ImportResultOutputID=aa1cd3609bb197bc29bd9e7279512b94 DependenciesID=ebd2fb4877da9487b794885b894d8a93 StaticDependenciesID=26282f897037d7fbbde01816a59d34db 
Number of updated asset objects reloaded before import = 0
Number of asset objects unloaded after import = 1
========================================================================
Received Import Request.
  Time of request: 2026-10-05T20:39:56.8457118Z
  Time since last request: 0.0003612 seconds.
  importAddress: GUID: ec02776fe29df900b897106d61977735 - Path: Packages/com.unity.modules.director/package.json - Importer: ScriptedImporter/UnityEditor.QuickSearchModule:UnityEditor.Search:ASIAI0B
Importing 'GUID: ec02776fe29df900b897106d61977735 - Path: Packages/com.unity.modules.director/package.json - Importer: ScriptedImporter/UnityEditor.QuickSearchModule:UnityEditor.Search:ASIAI0B' with importer (ScriptedImporter : UnityEditor.QuickSearchModule:UnityEditor.Search:ASIAI0B)
Imported 'GUID: ec02776fe29df900b897106d61977735' -> (Import Result ID: '849912d97d60d5f517faaeff0350eb72') in 0.007 seconds [static and dynamic dependencies]. Details - ImportResultOutputID=de26b342faeae8e236d6a77dd5fc67e4 DependenciesID=0cc818965ad58818203c9fdf629e103f StaticDependenciesID=9c8015b3cb5d3832cc3059386072b4bf 
Number of updated asset objects reloaded before import = 0
Number of asset objects unloaded after import = 1
========================================================================
Received Import Request.
  Time of request: 2026-10-05T20:39:56.8531583Z
  Time since last request: 0.000289 seconds.
  importAddress: GUID: b58a826ca804e4c67bab4283ad5a6102 - Path: Packages/com.unity.multiplayer.center/Editor/MultiplayerCenterWindow/UI/Icons/NoNetcode@2x.png - Importer: ScriptedImporter/UnityEditor.QuickSearchModule:UnityEditor.Search:ASIAI0B
Importing 'GUID: b58a826ca804e4c67bab4283ad5a6102 - Path: Packages/com.unity.multiplayer.center/Editor/MultiplayerCenterWindow/UI/Icons/NoNetcode@2x.png - Importer: ScriptedImporter/UnityEditor.QuickSearchModule:UnityEditor.Search:ASIAI0B' with importer (ScriptedImporter : UnityEditor.QuickSearchModule:UnityEditor.Search:ASIAI0B)
Imported 'GUID: b58a826ca804e4c67bab4283ad5a6102' -> (Import Result ID: '50bb779684ee8f296b36f64c3d00ada3') in 0.007 seconds [static and dynamic dependencies]. Details - ImportResultOutputID=9f22b36b04f83fa99c4855bbcd49d602 DependenciesID=1499b98b7c6d04096773f1c6c88b9c3e StaticDependenciesID=e7298d1f14d551db47311055c13bd348 
Number of updated asset objects reloaded before import = 0
Number of asset objects unloaded after import = 1
========================================================================
Received Import Request.
  Time of request: 2026-10-05T20:39:56.8604786Z
  Time since last request: 0.0002952 seconds.
  importAddress: GUID: bd1af0a6633ee94ae21c7d1d702cdc12 - Path: Packages/com.unity.modules.androidjni/package.json - Importer: ScriptedImporter/UnityEditor.QuickSearchModule:UnityEditor.Search:ASIAI0B
Importing 'GUID: bd1af0a6633ee94ae21c7d1d702cdc12 - Path: Packages/com.unity.modules.androidjni/package.json - Importer: ScriptedImporter/UnityEditor.QuickSearchModule:UnityEditor.Search:ASIAI0B' with importer (ScriptedImporter : UnityEditor.QuickSearchModule:UnityEditor.Search:ASIAI0B)
Imported 'GUID: bd1af0a6633ee94ae21c7d1d702cdc12' -> (Import Result ID: '06ac522745fc2f4cc63e88ec81578cc8') in 0.008 seconds [static and dynamic dependencies]. Details - ImportResultOutputID=2a656ada49ae01fe927a945bec707449 DependenciesID=e5863674acb58382940b7481dead7769 StaticDependenciesID=dec2df146fdb7efdce1e5a2dc0156c94 
Number of updated asset objects reloaded before import = 0
Number of asset objects unloaded after import = 1
========================================================================
Received Import Request.
  Time of request: 2026-10-05T20:39:56.8688877Z
  Time since last request: 0.000299 seconds.
  importAddress: GUID: 7ef8348b8ea834d7e1bc214b07f7fb87 - Path: Packages/com.unity.modules.animation/package.json - Importer: ScriptedImporter/UnityEditor.QuickSearchModule:UnityEditor.Search:ASIAI0B
Importing 'GUID: 7ef8348b8ea834d7e1bc214b07f7fb87 - Path: Packages/com.unity.modules.animation/package.json - Importer: ScriptedImporter/UnityEditor.QuickSearchModule:UnityEditor.Search:ASIAI0B' with importer (ScriptedImporter : UnityEditor.QuickSearchModule:UnityEditor.Search:ASIAI0B)
Imported 'GUID: 7ef8348b8ea834d7e1bc214b07f7fb87' -> (Import Result ID: '1afc7fd51ef4093f2fa5f2b92beb50fe') in 0.006 seconds [static and dynamic dependencies]. Details - ImportResultOutputID=970f9a5bae72f2d106ec01de42639e90 DependenciesID=c351a76d49ddbe871eb42738713cbed6 StaticDependenciesID=49eee52c2bb69cfe8a1e82a82ad5adec 
Number of updated asset objects reloaded before import = 0
Number of asset objects unloaded after import = 1
========================================================================
Received Import Request.
  Time of request: 2026-10-05T20:39:56.8759028Z
  Time since last request: 0.0004422 seconds.
  importAddress: GUID: 7610600f5c83e01041a6fe849d39279f - Path: Packages/com.unity.modules.unitywebrequestassetbundle/package.ModuleCompilationTrigger - Importer: ScriptedImporter/UnityEditor.QuickSearchModule:UnityEditor.Search:ASIAI0B
Importing 'GUID: 7610600f5c83e01041a6fe849d39279f - Path: Packages/com.unity.modules.unitywebrequestassetbundle/package.ModuleCompilationTrigger - Importer: ScriptedImporter/UnityEditor.QuickSearchModule:UnityEditor.Search:ASIAI0B' with importer (ScriptedImporter : UnityEditor.QuickSearchModule:UnityEditor.Search:ASIAI0B)
Imported 'GUID: 7610600f5c83e01041a6fe849d39279f' -> (Import Result ID: '62e84b3042b0769adac06e4fcf96389e') in 0.004 seconds [static and dynamic dependencies]. Details - ImportResultOutputID=297b22fad4f9032d53a428c9e80fcb9d DependenciesID=124da89abd3f0a9d1f4b9ac4f3101c3f StaticDependenciesID=3345b05d890caf41865202e83269e73d 
Number of updated asset objects reloaded before import = 0
Number of asset objects unloaded after import = 1
========================================================================
Received Import Request.
  Time of request: 2026-10-05T20:39:56.8806493Z
  Time since last request: 0.0003631 seconds.
  importAddress: GUID: f0f13f2ab3d6d13cfc6e4656824bfca8 - Path: Packages/com.unity.modules.ai/package.json - Importer: ScriptedImporter/UnityEditor.QuickSearchModule:UnityEditor.Search:ASIAI0B
Importing 'GUID: f0f13f2ab3d6d13cfc6e4656824bfca8 - Path: Packages/com.unity.modules.ai/package.json - Importer: ScriptedImporter/UnityEditor.QuickSearchModule:UnityEditor.Search:ASIAI0B' with importer (ScriptedImporter : UnityEditor.QuickSearchModule:UnityEditor.Search:ASIAI0B)
Imported 'GUID: f0f13f2ab3d6d13cfc6e4656824bfca8' -> (Import Result ID: '70466e4dbebc4f0c5ebca36f4135938b') in 0.008 seconds [static and dynamic dependencies]. Details - ImportResultOutputID=627e4ff56bebba17a1cdcf929fdcc285 DependenciesID=6a4b5d0a559efb3ae255f9a80c29e151 StaticDependenciesID=f6b83dc5f5cecde58a042133fa8241d0 
Number of updated asset objects reloaded before import = 0
Number of asset objects unloaded after import = 1
========================================================================
Received Import Request.
  Time of request: 2026-10-05T20:39:56.8887572Z
  Time since last request: 0.0003784 seconds.
  importAddress: GUID: 99da7b3894f364efdb5fa1443952a55d - Path: Packages/com.unity.multiplayer.center/Editor/MultiplayerCenterWindow/UI/Icons/NGO.png - Importer: ScriptedImporter/UnityEditor.QuickSearchModule:UnityEditor.Search:ASIAI0B
Importing 'GUID: 99da7b3894f364efdb5fa1443952a55d - Path: Packages/com.unity.multiplayer.center/Editor/MultiplayerCenterWindow/UI/Icons/NGO.png - Importer: ScriptedImporter/UnityEditor.QuickSearchModule:UnityEditor.Search:ASIAI0B' with importer (ScriptedImporter : UnityEditor.QuickSearchModule:UnityEditor.Search:ASIAI0B)
Imported 'GUID: 99da7b3894f364efdb5fa1443952a55d' -> (Import Result ID: '4f45f4f983f743af118ab80ed51d8239') in 0.011 seconds [static and dynamic dependencies]. Details - ImportResultOutputID=d2c9ce098411c48da75b6ea98b1258c0 DependenciesID=2948b9ed2b71ee554436b17762292f41 StaticDependenciesID=e17f262013fceaca9fa70690be290b70 
Number of updated asset objects reloaded before import = 0
Number of asset objects unloaded after import = 1
========================================================================
Received Import Request.
  Time of request: 2026-10-05T20:39:56.900339Z
  Time since last request: 0.0002661 seconds.
  importAddress: GUID: 281e16dfc02f4a86bf924188eb96b176 - Path: Packages/com.unity.multiplayer.center/Editor/MultiplayerCenterWindow/UI/RecommendationView/RecommendationItemView.cs - Importer: ScriptedImporter/UnityEditor.QuickSearchModule:UnityEditor.Search:ASIAI0B
Importing 'GUID: 281e16dfc02f4a86bf924188eb96b176 - Path: Packages/com.unity.multiplayer.center/Editor/MultiplayerCenterWindow/UI/RecommendationView/RecommendationItemView.cs - Importer: ScriptedImporter/UnityEditor.QuickSearchModule:UnityEditor.Search:ASIAI0B' with importer (ScriptedImporter : UnityEditor.QuickSearchModule:UnityEditor.Search:ASIAI0B)
Imported 'GUID: 281e16dfc02f4a86bf924188eb96b176' -> (Import Result ID: '853f9b44fe4eb049204fd08c924f2de1') in 0.003 seconds [static and dynamic dependencies]. Details - ImportResultOutputID=86e46a99b87c3ccbc88be53b3f447e51 DependenciesID=e33e0d81c6bdec3eb4939f76f7e782b2 StaticDependenciesID=e1653fd56957e70f763e2547e725bb71 
Number of updated asset objects reloaded before import = 0
Number of asset objects unloaded after import = 0
========================================================================
Received Import Request.
  Time of request: 2026-10-05T20:39:56.904257Z
  Time since last request: 0.0002832 seconds.
  importAddress: GUID: b83f06ac0c0696e9563230865ca72b81 - Path: Packages/com.unity.modules.wind/package.json - Importer: ScriptedImporter/UnityEditor.QuickSearchModule:UnityEditor.Search:ASIAI0B
Importing 'GUID: b83f06ac0c0696e9563230865ca72b81 - Path: Packages/com.unity.modules.wind/package.json - Importer: ScriptedImporter/UnityEditor.QuickSearchModule:UnityEditor.Search:ASIAI0B' with importer (ScriptedImporter : UnityEditor.QuickSearchModule:UnityEditor.Search:ASIAI0B)
Imported 'GUID: b83f06ac0c0696e9563230865ca72b81' -> (Import Result ID: '46918514132bc7c018771d751031a7f9') in 0.006 seconds [static and dynamic dependencies]. Details - ImportResultOutputID=b0d52c5c83b565bfdcc6c61cb3455f68 DependenciesID=713e23b7998b60eb5844ebd440067582 StaticDependenciesID=bde6f6cda6f3a83dfed4758f57afa58b 
Number of updated asset objects reloaded before import = 0
Number of asset objects unloaded after import = 1
========================================================================
Received Import Request.
  Time of request: 2026-10-05T20:39:56.910582Z
  Time since last request: 0.0003307 seconds.
  importAddress: GUID: 2cb589d4e01184d928bb698f06e77561 - Path: Packages/com.unity.multiplayer.center/Editor/MultiplayerCenterWindow/UI/Icons/N4E@2x.png - Importer: ScriptedImporter/UnityEditor.QuickSearchModule:UnityEditor.Search:ASIAI0B
Importing 'GUID: 2cb589d4e01184d928bb698f06e77561 - Path: Packages/com.unity.multiplayer.center/Editor/MultiplayerCenterWindow/UI/Icons/N4E@2x.png - Importer: ScriptedImporter/UnityEditor.QuickSearchModule:UnityEditor.Search:ASIAI0B' with importer (ScriptedImporter : UnityEditor.QuickSearchModule:UnityEditor.Search:ASIAI0B)
Imported 'GUID: 2cb589d4e01184d928bb698f06e77561' -> (Import Result ID: '16fda4c6505e99a346fdfd95a72063d2') in 0.008 seconds [static and dynamic dependencies]. Details - ImportResultOutputID=9291e9a5dcfdb2c281234ea6fbf5f779 DependenciesID=583e6269e3448a62110cb4f707ad2684 StaticDependenciesID=d4608a7afce781ec9721b2915d4bfd1a 
Number of updated asset objects reloaded before import = 0
Number of asset objects unloaded after import = 1
========================================================================
Received Import Request.
  Time of request: 2026-10-05T20:39:56.9186149Z
  Time since last request: 0.0002562 seconds.
  importAddress: GUID: 9d9689eab72c8480c90679f4dcf18820 - Path: Packages/com.unity.multiplayer.center/Editor/MultiplayerCenterWindow/UI/Icons/Package.png - Importer: ScriptedImporter/UnityEditor.QuickSearchModule:UnityEditor.Search:ASIAI0B
Importing 'GUID: 9d9689eab72c8480c90679f4dcf18820 - Path: Packages/com.unity.multiplayer.center/Editor/MultiplayerCenterWindow/UI/Icons/Package.png - Importer: ScriptedImporter/UnityEditor.QuickSearchModule:UnityEditor.Search:ASIAI0B' with importer (ScriptedImporter : UnityEditor.QuickSearchModule:UnityEditor.Search:ASIAI0B)
Imported 'GUID: 9d9689eab72c8480c90679f4dcf18820' -> (Import Result ID: '4f13496e156437a1e6680c70fcc54f06') in 0.009 seconds [static and dynamic dependencies]. Details - ImportResultOutputID=8d73212fb43385cdec47f40ca209b717 DependenciesID=8003ec32bedd4247aea85e8315b2636b StaticDependenciesID=8d063dfa8600ca19c23582a8f7bd474b 
Number of updated asset objects reloaded before import = 0
Number of asset objects unloaded after import = 1
========================================================================
Received Import Request.
  Time of request: 2026-10-05T20:39:56.9278226Z
  Time since last request: 0.0002787 seconds.
  importAddress: GUID: 30b312a167534621b316172253b08723 - Path: Packages/com.unity.modules.subsystems/package.json - Importer: ScriptedImporter/UnityEditor.QuickSearchModule:UnityEditor.Search:ASIAI0B
Importing 'GUID: 30b312a167534621b316172253b08723 - Path: Packages/com.unity.modules.subsystems/package.json - Importer: ScriptedImporter/UnityEditor.QuickSearchModule:UnityEditor.Search:ASIAI0B' with importer (ScriptedImporter : UnityEditor.QuickSearchModule:UnityEditor.Search:ASIAI0B)
Imported 'GUID: 30b312a167534621b316172253b08723' -> (Import Result ID: '960390409791ee05ab6bbdcf27f69661') in 0.005 seconds [static and dynamic dependencies]. Details - ImportResultOutputID=9855295d78a24dc485e4c57fd9cfdfbc DependenciesID=aee9c0e52faf20fdbac5d784e1bfc082 StaticDependenciesID=f9137328d0f2ed9702b41a6c384b8e89 
Number of updated asset objects reloaded before import = 0
Number of asset objects unloaded after import = 1
========================================================================
Received Import Request.
  Time of request: 2026-10-05T20:39:56.9333778Z
  Time since last request: 0.0002435 seconds.
  importAddress: GUID: 63314900d81e4a15814496af1889cb51 - Path: Packages/com.unity.multiplayer.center/Editor/MultiplayerCenterWindow/UI/RecommendationView/SectionHeader.cs - Importer: ScriptedImporter/UnityEditor.QuickSearchModule:UnityEditor.Search:ASIAI0B
Importing 'GUID: 63314900d81e4a15814496af1889cb51 - Path: Packages/com.unity.multiplayer.center/Editor/MultiplayerCenterWindow/UI/RecommendationView/SectionHeader.cs - Importer: ScriptedImporter/UnityEditor.QuickSearchModule:UnityEditor.Search:ASIAI0B' with importer (ScriptedImporter : UnityEditor.QuickSearchModule:UnityEditor.Search:ASIAI0B)
Imported 'GUID: 63314900d81e4a15814496af1889cb51' -> (Import Result ID: 'd10d6235d5f0fe81c7ffb13538591eb5') in 0.004 seconds [static and dynamic dependencies]. Details - ImportResultOutputID=14ed5ad6d1c6568c0d00e2f5a62e4530 DependenciesID=aa663f8f747895da78c29862e9fe283a StaticDependenciesID=f47ff65f885c345c3aaeaac4fe8cf8b9 
Number of updated asset objects reloaded before import = 0
Number of asset objects unloaded after import = 0
========================================================================
Received Import Request.
  Time of request: 2026-10-05T20:39:56.9378409Z
  Time since last request: 0.0002452 seconds.
  importAddress: GUID: 9431e8221045c4af189b2fa7174b9e9f - Path: Packages/com.unity.multiplayer.center/Editor/MultiplayerCenterWindow/UI/Icons/PackageManager@2x.png - Importer: ScriptedImporter/UnityEditor.QuickSearchModule:UnityEditor.Search:ASIAI0B
Importing 'GUID: 9431e8221045c4af189b2fa7174b9e9f - Path: Packages/com.unity.multiplayer.center/Editor/MultiplayerCenterWindow/UI/Icons/PackageManager@2x.png - Importer: ScriptedImporter/UnityEditor.QuickSearchModule:UnityEditor.Search:ASIAI0B' with importer (ScriptedImporter : UnityEditor.QuickSearchModule:UnityEditor.Search:ASIAI0B)
Imported 'GUID: 9431e8221045c4af189b2fa7174b9e9f' -> (Import Result ID: '484698f5cf574e0a204d1f0d14c544a2') in 0.009 seconds [static and dynamic dependencies]. Details - ImportResultOutputID=81b5a23fea752eb969222ed67cc44c9f DependenciesID=bf1020a9cbdf815931fe515a85dd82ce StaticDependenciesID=018a8aa4bf3148d4668c61b16611e9f3 
Number of updated asset objects reloaded before import = 0
Number of asset objects unloaded after import = 1
========================================================================
Received Import Request.
  Time of request: 2026-10-05T20:39:56.9579348Z
  Time since last request: 0.011134 seconds.
  importAddress: GUID: 3cc1ebf2abb7fef6871ad48f499b6e21 - Path: Packages/com.unity.modules.vectorgraphics/package.ModuleCompilationTrigger - Importer: ScriptedImporter/UnityEditor.QuickSearchModule:UnityEditor.Search:ASIAI0B
Importing 'GUID: 3cc1ebf2abb7fef6871ad48f499b6e21 - Path: Packages/com.unity.modules.vectorgraphics/package.ModuleCompilationTrigger - Importer: ScriptedImporter/UnityEditor.QuickSearchModule:UnityEditor.Search:ASIAI0B' with importer (ScriptedImporter : UnityEditor.QuickSearchModule:UnityEditor.Search:ASIAI0B)
Imported 'GUID: 3cc1ebf2abb7fef6871ad48f499b6e21' -> (Import Result ID: 'fe4435c4324ca85ee2380257b3c1db76') in 0.004 seconds [static and dynamic dependencies]. Details - ImportResultOutputID=b5a7ef5968a455350fdb7ffc8e6ceec3 DependenciesID=33e23ec09f2157c8c888ad8c41e80232 StaticDependenciesID=91f16ef788375314def576571cc72f35 
Number of updated asset objects reloaded before import = 0
Number of asset objects unloaded after import = 1
========================================================================
Received Import Request.
  Time of request: 2026-10-05T20:39:56.9619685Z
  Time since last request: 0.0002916 seconds.
  importAddress: GUID: d2ec2d1228c8e67cdd913cb5609176a2 - Path: Packages/com.unity.modules.unitywebrequest/package.ModuleCompilationTrigger - Importer: ScriptedImporter/UnityEditor.QuickSearchModule:UnityEditor.Search:ASIAI0B
Importing 'GUID: d2ec2d1228c8e67cdd913cb5609176a2 - Path: Packages/com.unity.modules.unitywebrequest/package.ModuleCompilationTrigger - Importer: ScriptedImporter/UnityEditor.QuickSearchModule:UnityEditor.Search:ASIAI0B' with importer (ScriptedImporter : UnityEditor.QuickSearchModule:UnityEditor.Search:ASIAI0B)
Imported 'GUID: d2ec2d1228c8e67cdd913cb5609176a2' -> (Import Result ID: 'fb36ac563836de49ffff13c66101024a') in 0.003 seconds [static and dynamic dependencies]. Details - ImportResultOutputID=b0bb4a3cf7275be4c91d85fd8f8251c2 DependenciesID=ea8b9c66115e0fd8868c523510e36281 StaticDependenciesID=8a91491cbf389786d09c45543a1b2682 
Number of updated asset objects reloaded before import = 0
Number of asset objects unloaded after import = 1
========================================================================
Received Import Request.
  Time of request: 2026-10-05T20:39:56.9657084Z
  Time since last request: 0.00029 seconds.
  importAddress: GUID: 3fdd83b151eb8d25c5e2f82fc39dcb04 - Path: Packages/com.unity.modules.unitywebrequest/package.json - Importer: ScriptedImporter/UnityEditor.QuickSearchModule:UnityEditor.Search:ASIAI0B
Importing 'GUID: 3fdd83b151eb8d25c5e2f82fc39dcb04 - Path: Packages/com.unity.modules.unitywebrequest/package.json - Importer: ScriptedImporter/UnityEditor.QuickSearchModule:UnityEditor.Search:ASIAI0B' with importer (ScriptedImporter : UnityEditor.QuickSearchModule:UnityEditor.Search:ASIAI0B)
Imported 'GUID: 3fdd83b151eb8d25c5e2f82fc39dcb04' -> (Import Result ID: '9413eedca876486b1b1c7332c078e94c') in 0.005 seconds [static and dynamic dependencies]. Details - ImportResultOutputID=f5cb4103e19e31a0fe14b76cd1922781 DependenciesID=d4cc75172f3da45ca2d46b3898cd25b6 StaticDependenciesID=e8143ef487ce67fb30c5f06e4094016f 
Number of updated asset objects reloaded before import = 0
Number of asset objects unloaded after import = 1
========================================================================
Received Import Request.
  Time of request: 2026-10-05T20:39:56.9707008Z
  Time since last request: 0.0002614 seconds.
  importAddress: GUID: 78e5667e52329c3ceef41288763404ae - Path: Packages/com.unity.modules.vectorgraphics/package.json - Importer: ScriptedImporter/UnityEditor.QuickSearchModule:UnityEditor.Search:ASIAI0B
Importing 'GUID: 78e5667e52329c3ceef41288763404ae - Path: Packages/com.unity.modules.vectorgraphics/package.json - Importer: ScriptedImporter/UnityEditor.QuickSearchModule:UnityEditor.Search:ASIAI0B' with importer (ScriptedImporter : UnityEditor.QuickSearchModule:UnityEditor.Search:ASIAI0B)
Imported 'GUID: 78e5667e52329c3ceef41288763404ae' -> (Import Result ID: 'c6e639baf53d4a51a1b9488bb2290be1') in 0.003 seconds [static and dynamic dependencies]. Details - ImportResultOutputID=fe18f52694bdc86a947afccb3d4b813c DependenciesID=9db875a715c52929207f4a71a7f376cc StaticDependenciesID=b19b19cd96f149bac66b30ab810de0ba 
Number of updated asset objects reloaded before import = 0
Number of asset objects unloaded after import = 1
Editor requested this worker to shutdown with reason: Scaling down because of idle timeout
AssetImportWorkerClient::OnTransportError - code=2 error=End of file
AcceleratorClientConnectionCallback - disconnected - :0
AssetImportWorker is now disconnected from the server
Process exiting
Exiting without the bug reporter. Application will terminate with return code 0